/*
SQLyog Ultimate v13.1.1 (64 bit)
MySQL - 10.4.11-MariaDB : Database - laravel_restful_api
*********************************************************************
*/

/*!40101 SET NAMES utf8 */;

/*!40101 SET SQL_MODE=''*/;

/*!40014 SET @OLD_UNIQUE_CHECKS=@@UNIQUE_CHECKS, UNIQUE_CHECKS=0 */;
/*!40014 SET @OLD_FOREIGN_KEY_CHECKS=@@FOREIGN_KEY_CHECKS, FOREIGN_KEY_CHECKS=0 */;
/*!40101 SET @OLD_SQL_MODE=@@SQL_MODE, SQL_MODE='NO_AUTO_VALUE_ON_ZERO' */;
/*!40111 SET @OLD_SQL_NOTES=@@SQL_NOTES, SQL_NOTES=0 */;
CREATE DATABASE /*!32312 IF NOT EXISTS*/`laravel_restful_api` /*!40100 DEFAULT CHARACTER SET utf8mb4 */;

USE `laravel_restful_api`;

/*Table structure for table `migrations` */

DROP TABLE IF EXISTS `migrations`;

CREATE TABLE `migrations` (
  `id` int(10) unsigned NOT NULL AUTO_INCREMENT,
  `migration` varchar(255) COLLATE utf8mb4_unicode_ci NOT NULL,
  `batch` int(11) NOT NULL,
  PRIMARY KEY (`id`)
) ENGINE=InnoDB AUTO_INCREMENT=5 DEFAULT CHARSET=utf8mb4 COLLATE=utf8mb4_unicode_ci;

/*Data for the table `migrations` */

insert  into `migrations`(`id`,`migration`,`batch`) values 
(1,'2014_10_12_000000_create_users_table',1),
(2,'2014_10_12_100000_create_password_resets_table',1),
(3,'2020_08_30_233235_create_products_table',1),
(4,'2020_08_30_233448_create_reviews_table',1);

/*Table structure for table `password_resets` */

DROP TABLE IF EXISTS `password_resets`;

CREATE TABLE `password_resets` (
  `email` varchar(255) COLLATE utf8mb4_unicode_ci NOT NULL,
  `token` varchar(255) COLLATE utf8mb4_unicode_ci NOT NULL,
  `created_at` timestamp NULL DEFAULT NULL,
  KEY `password_resets_email_index` (`email`)
) ENGINE=InnoDB DEFAULT CHARSET=utf8mb4 COLLATE=utf8mb4_unicode_ci;

/*Data for the table `password_resets` */

/*Table structure for table `products` */

DROP TABLE IF EXISTS `products`;

CREATE TABLE `products` (
  `id` bigint(20) unsigned NOT NULL AUTO_INCREMENT,
  `name` varchar(255) COLLATE utf8mb4_unicode_ci NOT NULL,
  `detail` text COLLATE utf8mb4_unicode_ci NOT NULL,
  `price` double NOT NULL,
  `stock` int(11) NOT NULL,
  `discount` double NOT NULL,
  `created_at` timestamp NULL DEFAULT NULL,
  `updated_at` timestamp NULL DEFAULT NULL,
  PRIMARY KEY (`id`)
) ENGINE=InnoDB AUTO_INCREMENT=51 DEFAULT CHARSET=utf8mb4 COLLATE=utf8mb4_unicode_ci;

/*Data for the table `products` */

insert  into `products`(`id`,`name`,`detail`,`price`,`stock`,`discount`,`created_at`,`updated_at`) values 
(1,'non','Id at ut consequatur optio. Voluptas ratione placeat aliquid iusto sunt. Qui dolor aliquam neque totam. Porro reprehenderit neque dignissimos magnam repellat rerum nulla.',4248,3,25,'2020-08-31 01:02:03','2020-08-31 01:02:03'),
(2,'voluptas','Consectetur a est et ipsum rerum. Dolorum quod aspernatur delectus adipisci totam reprehenderit sit. Tempore nulla ut consequatur voluptatem eos tempore facilis.',4958,3,27,'2020-08-31 01:02:03','2020-08-31 01:02:03'),
(3,'autem','Aperiam neque quasi itaque hic. Quaerat omnis est expedita autem exercitationem. Voluptatem dolor modi culpa est quae dolorem sit.',7104,0,13,'2020-08-31 01:02:03','2020-08-31 01:02:03'),
(4,'explicabo','Quo quos sapiente quia sed maxime. Labore doloribus eum eum non. Eius nesciunt aut mollitia consectetur a esse et.',187,8,13,'2020-08-31 01:02:03','2020-08-31 01:02:03'),
(5,'rerum','Blanditiis distinctio nemo quo magnam iste praesentium quasi. Rerum quia vel id est iste occaecati deserunt ad. Ad quis voluptas molestiae quidem repellendus ex pariatur omnis.',7003,2,29,'2020-08-31 01:02:03','2020-08-31 01:02:03'),
(6,'et','Quos inventore at veritatis cum est unde. Quis delectus praesentium labore omnis. Et molestiae ut omnis sapiente quos.',4085,3,14,'2020-08-31 01:02:04','2020-08-31 01:02:04'),
(7,'quas','Suscipit non labore eum ab voluptatem est minima. Voluptatum non temporibus enim ea eligendi vel. Rerum ut aut sit.',5819,2,25,'2020-08-31 01:02:04','2020-08-31 01:02:04'),
(8,'praesentium','Architecto aliquid neque saepe voluptatem non. Reiciendis totam asperiores veniam ipsa aut omnis cumque. Quae temporibus dignissimos ratione voluptatem. Quia sunt molestiae officia beatae quis autem.',3936,6,7,'2020-08-31 01:02:04','2020-08-31 01:02:04'),
(9,'error','Sed et distinctio consequatur impedit ut est. Sapiente a minus harum et voluptas. Et corporis sunt fuga commodi.',3610,4,19,'2020-08-31 01:02:04','2020-08-31 01:02:04'),
(10,'perferendis','Est beatae quis sed magni earum. Nam eos omnis suscipit dignissimos aspernatur et. Nihil vitae sed sunt amet eius. Quo quisquam id autem quibusdam enim quasi tempora.',3812,6,21,'2020-08-31 01:02:04','2020-08-31 01:02:04'),
(11,'tempora','In sed velit sed quos. Voluptate animi blanditiis eos cumque ex eum. Ducimus quibusdam tempora vel fugiat. Eveniet eum aut quia quod libero nemo. Qui consequatur labore quibusdam velit.',5240,8,29,'2020-08-31 01:02:04','2020-08-31 01:02:04'),
(12,'facilis','Eaque architecto voluptas et sed. Autem voluptatem voluptatibus esse cum architecto quam quae vitae. Voluptate omnis vel possimus. Optio aliquam eum perspiciatis animi excepturi incidunt.',1968,7,9,'2020-08-31 01:02:04','2020-08-31 01:02:04'),
(13,'explicabo','Et est tempora placeat occaecati. Vel quos corporis laborum consequuntur eveniet saepe. Dolor excepturi qui eligendi quaerat deleniti. Dolores quae provident error vitae eos. Veritatis id tempore a.',7614,2,3,'2020-08-31 01:02:04','2020-08-31 01:02:04'),
(14,'rerum','Fugiat necessitatibus vitae quod ad et aut. Quos consequatur eligendi sit sunt officiis et corporis. Eum in ut maiores explicabo. Sed vero totam rerum et voluptas inventore praesentium soluta.',1631,2,8,'2020-08-31 01:02:04','2020-08-31 01:02:04'),
(15,'ipsum','Aliquid quo totam neque velit eius laudantium aut. Fugiat occaecati possimus voluptatem iusto. Quia aut fugiat vero quia non saepe provident. Delectus aut dignissimos ut.',8058,8,4,'2020-08-31 01:02:04','2020-08-31 01:02:04'),
(16,'deserunt','Natus et dolores esse mollitia inventore dolorem. Aut natus voluptatem cupiditate modi. Labore quod odio molestiae voluptatem perspiciatis voluptate repellat.',4287,0,5,'2020-08-31 01:02:04','2020-08-31 01:02:04'),
(17,'quia','Eos veritatis in aliquid quis explicabo. Quisquam est pariatur neque dicta. Voluptas et deleniti neque perspiciatis quibusdam dolor. Harum qui consequuntur aliquam illum temporibus qui consequatur.',2006,7,11,'2020-08-31 01:02:04','2020-08-31 01:02:04'),
(18,'qui','Maiores nihil libero autem numquam voluptas voluptatibus. Cupiditate aut corrupti eum laborum. Sit accusantium eveniet dolorum cumque vel. Cum impedit nam sunt eius ad.',2344,8,27,'2020-08-31 01:02:04','2020-08-31 01:02:04'),
(19,'pariatur','Maxime consequatur voluptas sit commodi. Doloremque veritatis eveniet hic facere ratione. Nostrum voluptatem reprehenderit qui rerum error ut. Sit sint aliquam consequatur facere.',1248,7,8,'2020-08-31 01:02:04','2020-08-31 01:02:04'),
(20,'quia','Qui quaerat aliquam a nisi error. Accusamus dolores molestias veritatis qui modi. Officiis sit quas dignissimos nam. Laboriosam non molestiae fuga iste.',691,5,15,'2020-08-31 01:02:04','2020-08-31 01:02:04'),
(21,'sunt','Maxime quas et quam qui est quae. Aut provident vitae est cum. Qui cum expedita aliquid mollitia quia molestias ullam. Recusandae esse reiciendis occaecati consequatur est pariatur aspernatur non.',5631,0,2,'2020-08-31 01:02:04','2020-08-31 01:02:04'),
(22,'consectetur','Debitis odio qui voluptatem quibusdam. A beatae ab qui doloremque. Totam quo molestiae optio repudiandae corrupti pariatur quos. Et minima eum asperiores et cumque natus vitae.',2303,8,6,'2020-08-31 01:02:04','2020-08-31 01:02:04'),
(23,'aut','Velit molestias odit ex et. Explicabo deserunt est facere molestias non ut error. Labore praesentium nulla rerum consequatur aut blanditiis voluptas voluptas.',5915,7,28,'2020-08-31 01:02:04','2020-08-31 01:02:04'),
(24,'non','Officiis harum odio nihil consequatur recusandae rem. Eos dolor maxime veniam ea. Temporibus labore culpa sed saepe. Commodi cupiditate quae corrupti praesentium corrupti et et. Qui unde quis cumque est fuga.',9925,5,15,'2020-08-31 01:02:04','2020-08-31 01:02:04'),
(25,'quae','Magni suscipit consequatur magnam et nihil sit. Asperiores aliquid aspernatur esse ratione beatae. Harum praesentium non ex sunt voluptas eum. Nulla recusandae placeat qui iure et officia dignissimos est.',192,8,11,'2020-08-31 01:02:04','2020-08-31 01:02:04'),
(26,'aspernatur','Sit voluptas illo eligendi quos aut error sit. Sequi corporis minus libero deserunt. Ducimus sit est molestias sit error non.',314,7,27,'2020-08-31 01:02:05','2020-08-31 01:02:05'),
(27,'recusandae','Ut maxime eum nihil ullam voluptates. Omnis voluptatum qui quae voluptatem minus. Expedita magnam beatae optio ullam labore.',8527,5,15,'2020-08-31 01:02:05','2020-08-31 01:02:05'),
(28,'accusantium','Eum architecto commodi sapiente est inventore unde dolorum. Et dolore enim ipsam molestias. Assumenda voluptas quia ab vero eius iure. Minima non ad neque explicabo sequi.',1431,1,15,'2020-08-31 01:02:05','2020-08-31 01:02:05'),
(29,'qui','Quidem quaerat numquam et facere fugit ab. Libero iste minus voluptatem magnam temporibus voluptates sed natus.',3554,7,11,'2020-08-31 01:02:05','2020-08-31 01:02:05'),
(30,'similique','Blanditiis minima voluptate ipsam animi. Voluptatibus odit odio placeat fugit voluptas. Molestiae dolores alias provident deserunt nesciunt doloremque reiciendis.',7995,6,7,'2020-08-31 01:02:05','2020-08-31 01:02:05'),
(31,'doloremque','Quaerat accusantium quos dicta totam iure consequuntur temporibus. Voluptatem nam natus ab quibusdam quas est veniam recusandae. Sit quis fuga repellendus.',9799,2,6,'2020-08-31 01:02:05','2020-08-31 01:02:05'),
(32,'ex','Autem et suscipit quod maiores recusandae consequatur. Ratione saepe reprehenderit possimus voluptatum. Suscipit nemo veritatis deleniti ad itaque veniam. Veniam omnis ea corrupti omnis sequi.',5417,1,14,'2020-08-31 01:02:05','2020-08-31 01:02:05'),
(33,'velit','Quas illo eius neque aliquam ut molestias et aliquid. Est debitis nihil magni nisi delectus. Molestiae in aliquam id possimus dignissimos officiis.',7069,0,7,'2020-08-31 01:02:05','2020-08-31 01:02:05'),
(34,'fugiat','Enim rem nisi velit. Perferendis eum neque impedit quis ipsam sapiente. Quam voluptas praesentium occaecati et. Quia fugiat debitis quibusdam repellendus.',8479,1,17,'2020-08-31 01:02:05','2020-08-31 01:02:05'),
(35,'et','Illo pariatur delectus ex labore deleniti. Voluptatem ad at dolor ea veritatis corrupti libero sequi. Eius voluptatem natus et cupiditate dolores sed. Culpa sit consequatur accusantium possimus tenetur.',2931,7,15,'2020-08-31 01:02:05','2020-08-31 01:02:05'),
(36,'eos','Aut beatae et alias odit officiis est quasi fuga. Sed neque ad magni quo laudantium autem. Assumenda repellendus eaque delectus nam provident. Pariatur molestias quia voluptas. Perferendis id sapiente aut at natus consectetur.',580,0,12,'2020-08-31 01:02:05','2020-08-31 01:02:05'),
(37,'itaque','Voluptatem quaerat aut vel blanditiis. Quibusdam nihil voluptate sit aut et excepturi. Alias libero eius quaerat corporis aspernatur.',9043,3,26,'2020-08-31 01:02:05','2020-08-31 01:02:05'),
(38,'et','Ea facilis iure veniam hic qui. Ipsam necessitatibus quidem delectus debitis eos sapiente soluta. Suscipit deserunt quis dolorem. Eligendi saepe qui laborum adipisci ut.',2757,1,26,'2020-08-31 01:02:05','2020-08-31 01:02:05'),
(39,'exercitationem','Vitae itaque consequatur soluta consequatur repellat nobis. Fugiat omnis ipsam inventore voluptates aut eos. Repellendus doloribus maxime quo. Nobis ea voluptate sed nostrum labore corrupti et.',9750,4,3,'2020-08-31 01:02:05','2020-08-31 01:02:05'),
(40,'vel','Necessitatibus dolore nesciunt ut officiis nisi voluptatem. Sit aut et eius. Illum similique excepturi id sint.',1604,6,10,'2020-08-31 01:02:05','2020-08-31 01:02:05'),
(41,'illo','Asperiores sunt cupiditate ipsum neque earum deleniti hic. Alias sit suscipit doloribus ratione. Corrupti sunt doloremque vitae vero qui ipsum qui reprehenderit.',7783,7,10,'2020-08-31 01:02:05','2020-08-31 01:02:05'),
(42,'perferendis','Esse illo perspiciatis quisquam omnis vel. Mollitia fugiat earum odit qui. Sit ut aliquid eaque numquam.',4507,8,29,'2020-08-31 01:02:05','2020-08-31 01:02:05'),
(43,'est','Id quis laboriosam odit modi. Deserunt facere qui rerum animi non non praesentium. Enim eos ut non earum dolores assumenda. Excepturi in et quo qui quod quaerat dolore.',6026,6,2,'2020-08-31 01:02:05','2020-08-31 01:02:05'),
(44,'iste','Exercitationem voluptas aliquam voluptate unde quo. Et vero aliquam voluptate. Maxime rem fuga eum aut iusto atque cumque quae. Ad non corporis in sit.',5278,7,6,'2020-08-31 01:02:05','2020-08-31 01:02:05'),
(45,'dolorem','Eaque dolores consectetur pariatur doloremque sit velit. Numquam officia animi quae vitae libero. Ad ex minus omnis non animi animi animi. Laborum sint maxime quasi nobis magni itaque ullam.',4162,9,11,'2020-08-31 01:02:05','2020-08-31 01:02:05'),
(46,'quo','Quis illum deleniti sint quos quia. Sed fuga rem distinctio optio totam eaque quia. Voluptatum dolor qui ut nesciunt. Eos adipisci qui ut pariatur. Quas aspernatur beatae sint vitae reprehenderit.',4085,9,24,'2020-08-31 01:02:06','2020-08-31 01:02:06'),
(47,'tempore','Dolores necessitatibus cum eos ducimus. Consequatur aut nostrum iste quod. Quasi dolorum sit accusantium natus suscipit autem.',8871,1,18,'2020-08-31 01:02:06','2020-08-31 01:02:06'),
(48,'quia','Illum sint maiores iste quo quis. Ea qui eos saepe sint quisquam.',5307,0,27,'2020-08-31 01:02:06','2020-08-31 01:02:06'),
(49,'ipsum','Beatae cupiditate vel quae id occaecati. Velit repudiandae quas qui voluptate. Ipsum animi nesciunt non dolore maxime. Provident sint sit expedita et et iure.',4187,4,26,'2020-08-31 01:02:06','2020-08-31 01:02:06'),
(50,'labore','Dicta vel facere tempore eos veritatis. Vitae et dolorem porro quidem error aut. Nobis asperiores asperiores magni non nesciunt quae omnis nostrum. Doloremque nihil et sint magnam asperiores optio et sit. Voluptatem quia id officiis omnis cumque totam.',9365,7,11,'2020-08-31 01:02:06','2020-08-31 01:02:06');

/*Table structure for table `reviews` */

DROP TABLE IF EXISTS `reviews`;

CREATE TABLE `reviews` (
  `id` bigint(20) unsigned NOT NULL AUTO_INCREMENT,
  `product_id` bigint(20) unsigned NOT NULL,
  `customer` varchar(255) COLLATE utf8mb4_unicode_ci NOT NULL,
  `review` text COLLATE utf8mb4_unicode_ci NOT NULL,
  `star` int(11) NOT NULL,
  `created_at` timestamp NULL DEFAULT NULL,
  `updated_at` timestamp NULL DEFAULT NULL,
  PRIMARY KEY (`id`),
  KEY `reviews_product_id_foreign` (`product_id`),
  CONSTRAINT `reviews_product_id_foreign` FOREIGN KEY (`product_id`) REFERENCES `products` (`id`) ON DELETE CASCADE
) ENGINE=InnoDB AUTO_INCREMENT=301 DEFAULT CHARSET=utf8mb4 COLLATE=utf8mb4_unicode_ci;

/*Data for the table `reviews` */

insert  into `reviews`(`id`,`product_id`,`customer`,`review`,`star`,`created_at`,`updated_at`) values 
(1,14,'Sadie Runolfsson IV','Unde numquam dolore qui dicta consequatur et. Blanditiis alias ea aut nihil nam et. Asperiores ut tempore provident accusamus quas minus. Quaerat voluptatum minus occaecati voluptatem nulla accusantium quidem.',1,'2020-08-31 01:02:06','2020-08-31 01:02:06'),
(2,15,'Mrs. Jeanne Macejkovic MD','Placeat omnis quia neque fugit earum. Id nemo quas aspernatur sunt. Voluptas tempore voluptatem quia iste aliquam voluptate beatae. Quia sit aspernatur alias qui numquam.',0,'2020-08-31 01:02:06','2020-08-31 01:02:06'),
(3,8,'Shaina Parisian I','Quia pariatur at iste consequuntur ut autem. Quo nihil quidem culpa omnis soluta. Sit sed eum minima ullam. Possimus veniam voluptas voluptas reprehenderit quam.',0,'2020-08-31 01:02:07','2020-08-31 01:02:07'),
(4,25,'Hattie Hudson','Debitis non modi ducimus. Et autem dignissimos cumque magnam ducimus. Consectetur a illo nesciunt. Suscipit consectetur nihil nesciunt cum. Alias qui quas aut commodi sit dolore labore.',2,'2020-08-31 01:02:07','2020-08-31 01:02:07'),
(5,36,'Prof. Alvera Gottlieb PhD','Ullam quo omnis repellat sunt. Officiis unde magni aut exercitationem sit. Et harum voluptate voluptatem qui doloremque officiis illum.',2,'2020-08-31 01:02:07','2020-08-31 01:02:07'),
(6,38,'Miss Simone Kris','Aut iusto et alias quod saepe nostrum ea. Earum odit et vero quo cumque quos. Quam quae labore tenetur rerum facilis et ut.',3,'2020-08-31 01:02:07','2020-08-31 01:02:07'),
(7,17,'Euna Lehner','Sequi et corrupti enim vel consequatur inventore. Doloremque quam voluptate iure similique voluptatem aut. Ea dignissimos incidunt accusamus sit inventore.',4,'2020-08-31 01:02:07','2020-08-31 01:02:07'),
(8,24,'Ms. Chloe Goldner DVM','Sint quidem quibusdam laborum laborum ipsam quia rem vero. Inventore illo veniam animi tempore mollitia. Aperiam autem delectus iusto amet.',1,'2020-08-31 01:02:07','2020-08-31 01:02:07'),
(9,25,'Edwardo Weber','Ab sit molestiae assumenda nisi eius rerum. Animi expedita vero possimus labore. Fuga eaque dolore aliquid rerum sunt ut facilis et. Similique corporis et voluptate accusamus quis dolorem.',2,'2020-08-31 01:02:07','2020-08-31 01:02:07'),
(10,42,'Al Bashirian','Voluptatibus sit voluptates aspernatur fugiat. Eligendi consequatur beatae velit et placeat culpa. Molestias qui labore neque.',3,'2020-08-31 01:02:07','2020-08-31 01:02:07'),
(11,5,'Alicia Christiansen','Debitis a dicta repellat ducimus earum earum praesentium maxime. Repellendus sed ipsa sunt numquam quis fugiat vel. Ipsum at nisi aliquam rerum dolorem facere nobis. Qui tempore sed et voluptate. Qui dolor enim eum voluptas voluptate ratione.',4,'2020-08-31 01:02:07','2020-08-31 01:02:07'),
(12,16,'Mr. Jerome Zulauf','Rerum non cumque ipsa atque at placeat natus nemo. Alias ex repellendus soluta rerum voluptas qui facere ipsam. Velit animi doloribus sunt qui.',5,'2020-08-31 01:02:07','2020-08-31 01:02:07'),
(13,9,'Dr. Lindsay Nader MD','Sint voluptatibus quod autem perspiciatis. Quos magni repudiandae id illum non consequatur. Dignissimos exercitationem et et iste. Et qui consequatur explicabo sit dignissimos sed.',4,'2020-08-31 01:02:07','2020-08-31 01:02:07'),
(14,10,'Miss Letha Tromp','Atque voluptatem quia omnis asperiores. Harum est facilis tempora quo vel quisquam odio. Eaque amet tempore nesciunt distinctio rerum. Quia quis est id deleniti.',1,'2020-08-31 01:02:07','2020-08-31 01:02:07'),
(15,19,'Connie West','In dolorum incidunt deserunt nemo dolore enim et. Et eaque at perspiciatis quod et et saepe. Quis odit delectus quasi dolores ratione aspernatur recusandae. Aperiam consequatur sint deleniti vel illum eos.',4,'2020-08-31 01:02:07','2020-08-31 01:02:07'),
(16,14,'Veronica Doyle','Nihil recusandae repellat aut id omnis velit. Quo perferendis molestiae aliquid natus dolorem unde libero. Eos inventore veniam quasi est. A esse autem quis quas. Et tempore sed sapiente molestiae harum.',1,'2020-08-31 01:02:07','2020-08-31 01:02:07'),
(17,38,'Blaze Von PhD','Impedit aut aut quia doloribus. Consequatur a harum veniam dicta exercitationem nihil. Possimus asperiores error mollitia vitae delectus qui laboriosam cupiditate. Modi et nam recusandae et. Laudantium quo veritatis autem consequatur.',0,'2020-08-31 01:02:07','2020-08-31 01:02:07'),
(18,45,'Hugh Conroy','Impedit porro similique nostrum id amet ipsum. Dolores eius repellendus dolorem nemo et distinctio ea voluptas. Eaque aspernatur reiciendis corrupti et voluptatem. Voluptas ullam et ab est.',1,'2020-08-31 01:02:07','2020-08-31 01:02:07'),
(19,2,'Marta Olson','Est perferendis assumenda quo quo dolores cupiditate laborum. Illo exercitationem sed quo nihil architecto minima distinctio.',2,'2020-08-31 01:02:07','2020-08-31 01:02:07'),
(20,45,'Patsy Will','Voluptatem quaerat velit quis molestiae illum consequuntur adipisci. Incidunt a quos quia deleniti possimus quis qui. Aliquid quia unde qui. Dolorem in illum illo dolores qui.',3,'2020-08-31 01:02:08','2020-08-31 01:02:08'),
(21,20,'Dr. Chelsea Kuhn MD','Ducimus ab excepturi nesciunt. Earum qui quod debitis officia debitis. Voluptatem vitae mollitia exercitationem ipsa deserunt aliquid eligendi. Cum magni quo sit laudantium facilis sit.',4,'2020-08-31 01:02:08','2020-08-31 01:02:08'),
(22,36,'Immanuel Hettinger','Aliquam sed et et consequuntur dolorum earum at. Ut eos autem voluptates. Qui et id atque rerum et repellat.',0,'2020-08-31 01:02:08','2020-08-31 01:02:08'),
(23,23,'Dr. Dorthy Bogisich PhD','Aut voluptatem ea perferendis aut occaecati reiciendis et. Aut et distinctio sequi ea rerum culpa magnam. Dolorem dolorem quaerat repudiandae dolores minus. Magnam eveniet ducimus eveniet blanditiis autem.',4,'2020-08-31 01:02:08','2020-08-31 01:02:08'),
(24,2,'Sophie Buckridge','Asperiores harum voluptas quos voluptas fuga. Et corrupti iusto temporibus eveniet aliquam. Sit mollitia maxime accusamus ut.',5,'2020-08-31 01:02:08','2020-08-31 01:02:08'),
(25,3,'Dr. Ines Wintheiser III','Consequatur et laboriosam quo praesentium ut rerum. Ut rerum qui voluptatem odit et quaerat omnis deleniti. Aut occaecati placeat numquam possimus. Sit facilis neque impedit pariatur repellendus corrupti natus.',0,'2020-08-31 01:02:08','2020-08-31 01:02:08'),
(26,13,'Dr. Oleta Lindgren V','Corrupti numquam assumenda libero commodi sunt quasi reprehenderit id. Architecto quia ad ea. Dolore non quibusdam veniam dolorum sed. Et fuga laudantium illum et est velit.',1,'2020-08-31 01:02:08','2020-08-31 01:02:08'),
(27,29,'Mariane Stehr','Et quo mollitia delectus beatae. Quas numquam dignissimos dolore consequatur pariatur. Sint dolor ipsum et qui. Quibusdam aspernatur ad a error assumenda enim. Perferendis iste aliquam aliquam totam atque ea est veritatis.',3,'2020-08-31 01:02:08','2020-08-31 01:02:08'),
(28,18,'Miss Camylle Bogisich Jr.','Molestiae natus sit itaque soluta et. Perferendis minus dolorem aut labore saepe iste quis. Enim voluptatibus similique quis impedit. Magnam corrupti aperiam asperiores odit.',1,'2020-08-31 01:02:08','2020-08-31 01:02:08'),
(29,38,'Dan Bartell','Delectus similique suscipit repudiandae dolore eum velit. Ipsam deleniti quisquam tempore sint consequatur. Eos vel odio nam inventore. Laborum recusandae amet alias quis repellendus.',5,'2020-08-31 01:02:08','2020-08-31 01:02:08'),
(30,12,'Prof. Norris Kertzmann I','Consequatur voluptates voluptatem mollitia suscipit non qui dolores. Perspiciatis quod laboriosam aliquid eos quo hic deleniti. Unde odio consequuntur ratione qui minus. Facere sed reprehenderit perferendis nihil facere sit impedit.',5,'2020-08-31 01:02:08','2020-08-31 01:02:08'),
(31,14,'Ms. Jaunita Willms DDS','Sunt omnis cupiditate enim aliquam beatae quia tempore et. At aut aut voluptatem.',1,'2020-08-31 01:02:08','2020-08-31 01:02:08'),
(32,8,'Mrs. Serena Kuphal II','Necessitatibus est exercitationem neque rerum reiciendis explicabo. Impedit officia aut tempore et. Quisquam non corrupti delectus vero repellendus repudiandae totam. Soluta modi consequatur at aspernatur aspernatur.',1,'2020-08-31 01:02:08','2020-08-31 01:02:08'),
(33,1,'Prof. Bell Mitchell','Iusto libero ad voluptas ea perferendis iusto voluptate. Ea praesentium omnis tenetur voluptatem tempore et illum est. Et sit vel est maiores nisi. Necessitatibus sit cumque sed nisi quis eos autem omnis.',5,'2020-08-31 01:02:08','2020-08-31 01:02:08'),
(34,17,'Jack Farrell MD','Sunt nihil ducimus cum possimus inventore. Nostrum rerum sit aut laboriosam natus repellat eligendi repellat. Autem ipsam quia aliquid. Beatae ut impedit vero officiis.',0,'2020-08-31 01:02:09','2020-08-31 01:02:09'),
(35,35,'Ibrahim Eichmann','Tenetur fugit et ipsa sed ut magni. Est laudantium fuga id quo excepturi harum quo.',4,'2020-08-31 01:02:09','2020-08-31 01:02:09'),
(36,29,'Marquise Ferry','Dolores ipsam eos harum. Eos molestiae assumenda accusantium impedit. Ducimus similique qui consectetur sed a quisquam sed saepe.',2,'2020-08-31 01:02:09','2020-08-31 01:02:09'),
(37,30,'Pasquale Marvin','Fugit ipsam suscipit corporis veniam. Dolor harum et velit sit. Qui ut fugit blanditiis ex quia. Enim et ut rem voluptatem necessitatibus eaque eos eius.',3,'2020-08-31 01:02:09','2020-08-31 01:02:09'),
(38,30,'Lelah Tromp','Incidunt quod perferendis dolorem quis sit quos. Velit omnis excepturi dolorem assumenda a cupiditate. Omnis laboriosam rerum aliquam repellat.',2,'2020-08-31 01:02:09','2020-08-31 01:02:09'),
(39,5,'Hortense Rippin','Quis perferendis est quisquam consectetur ea sit cum. Culpa atque accusantium odio. Exercitationem dolore officia et sunt.',1,'2020-08-31 01:02:09','2020-08-31 01:02:09'),
(40,8,'Britney Considine','Quo qui maiores autem. Et sed voluptatem eveniet assumenda. Fuga odit sed ut enim officia. Debitis quos modi voluptas rem hic. Ipsum minima totam qui in.',0,'2020-08-31 01:02:09','2020-08-31 01:02:09'),
(41,31,'Lucious Prosacco','Optio voluptas sit autem est ea explicabo. Officia cupiditate nulla consequuntur nisi pariatur. Facere id ea ratione quae temporibus.',4,'2020-08-31 01:02:09','2020-08-31 01:02:09'),
(42,27,'Ms. Kaya Hudson MD','Officia laboriosam voluptates veniam magni quam aut. Nulla tenetur laborum deleniti. Eos vel accusantium laborum amet eius vero.',5,'2020-08-31 01:02:09','2020-08-31 01:02:09'),
(43,19,'Prof. Amira Frami MD','Optio dolorem mollitia odio quisquam nemo optio pariatur. Ut placeat voluptatum est distinctio distinctio impedit. Fugit est excepturi omnis qui. Vero non eum qui eius asperiores et.',0,'2020-08-31 01:02:09','2020-08-31 01:02:09'),
(44,5,'Constance Koss','Ipsam aut ut aliquid. Autem labore laborum quod numquam.',2,'2020-08-31 01:02:09','2020-08-31 01:02:09'),
(45,48,'Ms. Lera Bogan','Voluptatem accusantium aut eum rem molestiae et. Suscipit praesentium repudiandae reiciendis voluptate non. Qui occaecati sit et in vero. Soluta ea porro voluptas reiciendis.',1,'2020-08-31 01:02:09','2020-08-31 01:02:09'),
(46,46,'Elian Hackett','Quia pariatur distinctio sint in. Beatae neque veniam et dolor repellendus. At aperiam praesentium adipisci eum dolorum.',5,'2020-08-31 01:02:09','2020-08-31 01:02:09'),
(47,21,'Ruthe Lowe','Et illo placeat sit expedita aperiam ullam aut. Aperiam nulla debitis dolorem doloremque quos. Et architecto at suscipit sed magni odit minus. Beatae laboriosam eligendi quos voluptate ullam ea.',2,'2020-08-31 01:02:09','2020-08-31 01:02:09'),
(48,35,'Cathryn Trantow','Sint velit expedita atque aut. Adipisci ex necessitatibus voluptatibus natus rem qui occaecati. Pariatur sunt qui sunt quia asperiores distinctio.',2,'2020-08-31 01:02:09','2020-08-31 01:02:09'),
(49,8,'Ms. Jeanne Russel','Repudiandae pariatur quos accusantium et. Ratione molestiae optio est. Id ut architecto quisquam autem.',0,'2020-08-31 01:02:09','2020-08-31 01:02:09'),
(50,30,'Dr. Barbara Windler','Quisquam corrupti dolorem nam debitis ut itaque sit. Magnam veritatis ducimus soluta voluptas accusamus mollitia maxime. Ut cupiditate qui culpa quia enim.',5,'2020-08-31 01:02:09','2020-08-31 01:02:09'),
(51,3,'Barbara Padberg','Odit voluptatum deserunt quia accusantium enim blanditiis. Ex deleniti quia fugit. Culpa ipsum minus aut nulla hic accusantium.',1,'2020-08-31 01:02:10','2020-08-31 01:02:10'),
(52,30,'Jan Terry','Ipsam asperiores laboriosam dolorem animi rerum eveniet. Non deleniti minima quia sed molestiae quisquam. Temporibus qui voluptas iusto omnis corporis. Dolores nostrum nihil maxime qui molestias.',2,'2020-08-31 01:02:10','2020-08-31 01:02:10'),
(53,21,'Meda Ryan','Suscipit officiis enim quae culpa. Ut error laudantium iste soluta magnam eum mollitia. Minus quia aperiam molestias. Dolores dicta vel sunt commodi.',2,'2020-08-31 01:02:10','2020-08-31 01:02:10'),
(54,36,'Tina Fadel I','Beatae quia omnis inventore ipsum. Ut tempore atque est sunt ut. Quia facilis officia est neque reiciendis velit.',4,'2020-08-31 01:02:10','2020-08-31 01:02:10'),
(55,34,'Mrs. Josianne Lindgren','Id cum magnam est molestiae est voluptatem hic quis. Ea eligendi asperiores debitis aut. Corporis exercitationem voluptatem vitae velit quidem. Enim saepe consectetur minus quasi.',3,'2020-08-31 01:02:10','2020-08-31 01:02:10'),
(56,48,'Mr. Greg Monahan III','Sit vel laudantium dolores alias quibusdam. Voluptatem labore quos corrupti voluptatem fugiat. In id perferendis iure.',3,'2020-08-31 01:02:10','2020-08-31 01:02:10'),
(57,42,'Kiara Will','Sed et corporis quia nostrum et. Inventore assumenda perferendis velit. Accusantium eaque ab corporis in dolorem. Iure enim cum quos.',4,'2020-08-31 01:02:10','2020-08-31 01:02:10'),
(58,40,'Miss Ivah Sanford','Quia alias fugit nemo. Dolorem rerum aut reprehenderit velit omnis dolor. Dolorem quibusdam ullam explicabo eligendi et nemo asperiores. Autem rem quis quisquam ut tempore. Velit quisquam qui consequuntur sit minus iste et.',0,'2020-08-31 01:02:10','2020-08-31 01:02:10'),
(59,9,'Mrs. Tiffany Simonis','Eaque vero praesentium cumque possimus. Voluptatem adipisci accusantium perspiciatis pariatur occaecati. Nobis qui cumque id qui quo aut. Corporis veritatis dicta totam repellendus provident laudantium excepturi. Voluptas maiores dolores ea fugit.',3,'2020-08-31 01:02:10','2020-08-31 01:02:10'),
(60,25,'Ms. Cordia Padberg II','Cupiditate repellat voluptas nam et quam. Soluta eos non eos aut repellendus est fuga at. Omnis ducimus qui doloremque quod. Dolorem voluptas vel consequatur suscipit.',5,'2020-08-31 01:02:10','2020-08-31 01:02:10'),
(61,50,'Jamil Heidenreich','Nostrum nihil aut aut eum facilis rerum velit suscipit. Iusto vero consequatur fuga. Molestiae suscipit est qui laboriosam laudantium consequatur. Reprehenderit id aspernatur dolore qui illum.',1,'2020-08-31 01:02:10','2020-08-31 01:02:10'),
(62,3,'Mr. Kurt Treutel','Porro voluptatum eius sint sint qui. Fugiat nisi sit saepe molestiae. Assumenda aperiam quae quia nostrum ea iste. Id aspernatur dolore possimus.',4,'2020-08-31 01:02:10','2020-08-31 01:02:10'),
(63,21,'Hilda Abernathy','Ut et voluptatem molestiae quia sit neque. Dicta facilis dolores porro voluptatem est.',3,'2020-08-31 01:02:10','2020-08-31 01:02:10'),
(64,17,'Martin Stroman','Modi pariatur enim fugit explicabo aut animi. Vitae impedit aut harum. Non reprehenderit ut voluptatem dolorem. Quis in culpa sint dicta asperiores officiis quisquam.',3,'2020-08-31 01:02:10','2020-08-31 01:02:10'),
(65,50,'Aileen Weissnat DDS','Explicabo consequatur ut expedita. Eveniet impedit quam laudantium voluptates assumenda. Id quibusdam dolor fugiat harum quidem at repellat minus. Rerum ut et qui fugiat aut ad iusto.',1,'2020-08-31 01:02:10','2020-08-31 01:02:10'),
(66,27,'Mr. Abelardo Ferry','Provident debitis omnis qui voluptatum sequi quia quis. Nam est libero reiciendis ad neque eos ea dolorum. Earum omnis delectus explicabo. Occaecati et magni id laborum facilis tenetur.',2,'2020-08-31 01:02:10','2020-08-31 01:02:10'),
(67,15,'Pearl Cartwright','Amet doloribus minus et qui sit reiciendis laborum. Sit eum quidem iure molestiae at voluptate. Mollitia neque ullam praesentium quidem sequi. Placeat ut culpa enim qui sunt.',4,'2020-08-31 01:02:10','2020-08-31 01:02:10'),
(68,50,'Marcel Nolan','Amet quia qui nisi repellendus saepe vel rerum. Repellat consectetur voluptas ex. Nihil quasi nesciunt inventore architecto.',0,'2020-08-31 01:02:11','2020-08-31 01:02:11'),
(69,36,'Pierce Gaylord MD','Voluptas possimus tempora qui quibusdam laudantium. Fuga hic nihil id sequi ipsa optio porro. Libero facere ullam quidem quas doloribus et dolorem. Magnam officia officiis voluptas aut quod.',1,'2020-08-31 01:02:11','2020-08-31 01:02:11'),
(70,2,'Dr. Dillon Kirlin MD','Aperiam expedita nobis voluptas aut. Ut iste aut impedit adipisci quisquam voluptatem in. Qui aliquam aperiam ipsam consequatur error voluptates.',2,'2020-08-31 01:02:11','2020-08-31 01:02:11'),
(71,35,'Itzel Schumm','Quidem eum ut vel qui et ducimus voluptas. Et minima quod nam molestiae eum eius vero. Consequatur et qui est natus iste at sint sunt.',2,'2020-08-31 01:02:11','2020-08-31 01:02:11'),
(72,12,'Hulda Krajcik','Et qui et delectus reiciendis. Ut odio odio dolorem fugiat libero magni iure. Ut impedit impedit blanditiis quod commodi dolorum.',2,'2020-08-31 01:02:11','2020-08-31 01:02:11'),
(73,1,'Brycen Lesch','Ab rerum iure magni est tenetur voluptatem harum. Deleniti atque consectetur ea. Quos et repudiandae aliquid atque.',5,'2020-08-31 01:02:11','2020-08-31 01:02:11'),
(74,45,'Dr. Dolly Franecki','Molestiae voluptas quia impedit consequuntur dolorum ducimus. Dolore culpa aut iure. Delectus ut ipsum placeat voluptate et aut odio.',2,'2020-08-31 01:02:11','2020-08-31 01:02:11'),
(75,32,'Francesco Huels','Aliquid voluptatem eligendi in vel cumque fuga. Recusandae expedita odio aperiam eos sapiente. Laudantium dolorem omnis natus. Consequatur voluptas reiciendis omnis ut facilis.',5,'2020-08-31 01:02:11','2020-08-31 01:02:11'),
(76,45,'Alessandro Macejkovic','Et possimus maiores repudiandae. Eligendi natus et libero dolorem modi exercitationem dolores. Nisi soluta est labore similique magnam. Aperiam beatae error vel fugiat magnam ducimus.',2,'2020-08-31 01:02:11','2020-08-31 01:02:11'),
(77,41,'Deondre Upton','Voluptatem illum quia explicabo. Et eum architecto reiciendis voluptates neque illo et ad. Ad ratione quaerat natus est et quia sint. Ipsa corporis excepturi nobis.',3,'2020-08-31 01:02:11','2020-08-31 01:02:11'),
(78,48,'Jermain Weber','Sit maiores excepturi odio qui nihil enim quod ratione. Quia sunt id iusto repellat aut voluptatem voluptatem necessitatibus. Ut officiis accusamus odio doloribus reprehenderit.',1,'2020-08-31 01:02:11','2020-08-31 01:02:11'),
(79,10,'Viva Crona MD','Quam quasi modi quod modi aperiam. Eos velit voluptatem veniam recusandae numquam asperiores rerum. Doloribus soluta quia vel quia cupiditate. Unde officiis rem aut non qui quae quidem.',0,'2020-08-31 01:02:12','2020-08-31 01:02:12'),
(80,35,'Dr. Eldon Koss I','Eaque sed qui est neque aut. Eaque eligendi quo consectetur dolor sunt. Delectus eius tenetur accusamus quo. Molestiae quis et vel aut officia nihil.',2,'2020-08-31 01:02:12','2020-08-31 01:02:12'),
(81,8,'Tiana Littel','Praesentium dolore aperiam est eum ad maiores eos. Accusamus minima quod rerum enim nobis. Quas et aliquam minima recusandae.',2,'2020-08-31 01:02:12','2020-08-31 01:02:12'),
(82,9,'Brandyn Mertz','Aliquid quia eos nihil consectetur alias iure similique magnam. Optio reiciendis quas perspiciatis eaque error sed voluptatem. Qui ipsam est quasi sunt earum molestias.',0,'2020-08-31 01:02:12','2020-08-31 01:02:12'),
(83,21,'Dr. Enos Simonis','Neque aut et omnis voluptas. Exercitationem ipsa nesciunt corrupti vel commodi. Magni voluptatem nam recusandae odit. Eum ut autem dolores esse voluptas.',3,'2020-08-31 01:02:12','2020-08-31 01:02:12'),
(84,33,'Emelie Kris','Tempora nisi fugiat soluta distinctio est. Ad aspernatur est repudiandae fuga mollitia. Optio maiores quod dolor quia. Repudiandae nihil veritatis suscipit saepe sed voluptatem dolores.',1,'2020-08-31 01:02:12','2020-08-31 01:02:12'),
(85,4,'Art Schmeler','Reprehenderit impedit doloribus qui veritatis quasi aut eos. A et aut necessitatibus est occaecati suscipit ut.',5,'2020-08-31 01:02:12','2020-08-31 01:02:12'),
(86,31,'Gust Lueilwitz II','Unde et voluptatem iure dicta aut. Dicta voluptas minima ducimus eum exercitationem ex. Odit non odit fugiat maiores doloribus et optio.',5,'2020-08-31 01:02:12','2020-08-31 01:02:12'),
(87,30,'Royce Wisozk','Aut eaque pariatur facere et. Nulla beatae aut quaerat. Et minus beatae temporibus et et libero. Optio minus ipsam deleniti tenetur est ut aut. Est recusandae temporibus quisquam aut totam rem qui.',0,'2020-08-31 01:02:12','2020-08-31 01:02:12'),
(88,11,'Dr. Kirsten Bradtke','Ullam aut quia est officiis animi perspiciatis. Iste maxime est itaque laudantium voluptatem et. Accusamus incidunt et neque.',5,'2020-08-31 01:02:12','2020-08-31 01:02:12'),
(89,22,'Esteban Labadie','Deserunt veritatis iusto non suscipit corrupti. Magnam in hic exercitationem aperiam minus quia. Dolorem cumque id non aut est dignissimos. Aut numquam ut quam eveniet modi placeat.',3,'2020-08-31 01:02:12','2020-08-31 01:02:12'),
(90,23,'Dr. Talia Quigley','Rem sit necessitatibus velit et. Nemo beatae dolor ipsa at laborum et. Eaque sunt in non distinctio tenetur aspernatur eaque. Ullam ad consequatur eos.',0,'2020-08-31 01:02:13','2020-08-31 01:02:13'),
(91,49,'Ward Torphy I','Recusandae adipisci magni blanditiis suscipit. Soluta odio veritatis iusto ipsa est incidunt asperiores laboriosam. Quos ea quia maiores ratione quaerat esse. Esse nobis et officiis.',5,'2020-08-31 01:02:13','2020-08-31 01:02:13'),
(92,23,'Jillian Hackett','Maiores quas aperiam accusantium autem nostrum. Ad cum rerum reprehenderit enim doloremque. Mollitia corrupti fuga minus harum asperiores dignissimos sapiente.',4,'2020-08-31 01:02:13','2020-08-31 01:02:13'),
(93,14,'Ms. Treva Dicki','Nisi officia ex doloribus. Et reiciendis mollitia ipsum enim cupiditate accusamus.',4,'2020-08-31 01:02:13','2020-08-31 01:02:13'),
(94,28,'Joshuah Kub','Sunt similique et non inventore consequatur. Quibusdam consequatur tempora earum. Rem perspiciatis placeat harum autem et impedit incidunt. Enim est accusamus est.',3,'2020-08-31 01:02:13','2020-08-31 01:02:13'),
(95,31,'Prof. Esteban Yost DDS','Voluptatem sequi odit aliquam laborum qui vitae. Reiciendis ut ullam ea quod velit sunt. Modi autem nemo voluptas accusamus et consectetur ex voluptas. Repellat in occaecati debitis.',4,'2020-08-31 01:02:13','2020-08-31 01:02:13'),
(96,34,'Marcelino Will DVM','Quis qui dolorem quaerat aut iste qui. Voluptatem expedita placeat pariatur autem amet. Ut aut dignissimos deleniti qui facilis quae doloremque.',0,'2020-08-31 01:02:13','2020-08-31 01:02:13'),
(97,10,'Dandre Wintheiser','Consequatur magni tempore veritatis nisi ut sit quae. Eius maiores occaecati aliquam aspernatur nesciunt maiores.',3,'2020-08-31 01:02:13','2020-08-31 01:02:13'),
(98,1,'Armand Kuhic V','Molestias ut adipisci corporis accusamus quia et. Et corporis aliquam possimus ad. Nostrum laborum neque cupiditate nihil omnis. Aut iste quis accusantium minus.',3,'2020-08-31 01:02:13','2020-08-31 01:02:13'),
(99,2,'Markus Conroy','Quisquam non odio similique optio. Amet repellendus rem possimus soluta vero cumque laboriosam.',2,'2020-08-31 01:02:13','2020-08-31 01:02:13'),
(100,4,'Foster Reichel Jr.','Laudantium nesciunt nulla consequuntur quos. Ad necessitatibus tenetur voluptatem at reiciendis. Nulla tempore rerum ut inventore.',2,'2020-08-31 01:02:13','2020-08-31 01:02:13'),
(101,27,'Monique Stehr','Doloribus itaque est mollitia eligendi voluptas est. Autem id ut quasi voluptas sed eos fugit. Accusantium ipsum recusandae nesciunt unde. Deleniti rerum in animi nisi sint soluta. Ratione et voluptatibus cum velit voluptatem rerum nesciunt.',0,'2020-08-31 01:02:13','2020-08-31 01:02:13'),
(102,15,'Jeanette Sipes','Doloremque dolor aliquid repellat numquam vel. Odio harum illum blanditiis placeat fugiat quia et. Voluptatibus illo vitae velit ut non.',4,'2020-08-31 01:02:13','2020-08-31 01:02:13'),
(103,22,'Braden Hahn','Consequatur eos qui facere corrupti sapiente non autem. Repellat similique ducimus dolor iure et.',1,'2020-08-31 01:02:13','2020-08-31 01:02:13'),
(104,47,'Alfreda Okuneva','Est nihil dolor officia omnis. Sunt rem sit ipsam vitae sit ex eaque. Quia sequi natus nulla.',5,'2020-08-31 01:02:13','2020-08-31 01:02:13'),
(105,7,'Ubaldo Herzog','Vel est laborum voluptatem consequuntur quo et amet quia. Dolorem ut iste eligendi totam repellendus itaque vel. Corrupti minus assumenda maxime mollitia eum ratione. Eaque consequatur minus sunt atque praesentium natus ut.',0,'2020-08-31 01:02:13','2020-08-31 01:02:13'),
(106,8,'Fabian Goyette','Qui accusantium veritatis nemo ipsam quis consequatur vel. Impedit reiciendis et doloribus omnis. Debitis adipisci eos commodi illo impedit nemo cum.',1,'2020-08-31 01:02:13','2020-08-31 01:02:13'),
(107,46,'Jammie Windler','Ad sit dolor beatae delectus ex. Numquam alias fugit molestias eveniet ullam voluptatum amet. Nihil voluptatibus at molestiae reiciendis. Commodi optio labore vero alias ducimus libero.',1,'2020-08-31 01:02:14','2020-08-31 01:02:14'),
(108,31,'Norene McKenzie','Similique in maxime vitae totam ducimus culpa sunt praesentium. Corporis quo veniam voluptas quis. Quos vel dolor aut voluptate. Amet sunt ratione laborum est.',3,'2020-08-31 01:02:14','2020-08-31 01:02:14'),
(109,25,'Vivien Legros PhD','Repudiandae omnis nesciunt molestias facilis. Repudiandae non rerum minus. Nemo ut suscipit eaque suscipit. Et blanditiis non et quam ea quos quod sed.',5,'2020-08-31 01:02:14','2020-08-31 01:02:14'),
(110,40,'Mrs. Jacky Lemke','Nobis consequatur sunt magni odio saepe suscipit voluptates. Similique esse quo dicta molestias est optio quo. Est in velit sint consectetur quis ex. Molestiae nam quo qui dolores cumque.',4,'2020-08-31 01:02:14','2020-08-31 01:02:14'),
(111,17,'Alberto Waelchi','Ut officiis eveniet eos sint sed. Voluptas accusantium officiis perferendis qui tenetur hic dolorum accusamus. In est quia expedita ipsum aspernatur voluptatum.',5,'2020-08-31 01:02:14','2020-08-31 01:02:14'),
(112,17,'Demarco Ortiz','Earum deserunt eaque sed vel dolorem quia. Aut optio odio porro sit corporis odit nisi tempore. Nam et ipsa est aliquam. Consequatur consequatur natus deleniti quas ut molestiae.',2,'2020-08-31 01:02:14','2020-08-31 01:02:14'),
(113,37,'Cierra Bernier','Cumque praesentium accusamus aut. Voluptatum velit doloribus ex omnis repudiandae veritatis eligendi dicta. Sunt quia recusandae ut sed dolores.',1,'2020-08-31 01:02:14','2020-08-31 01:02:14'),
(114,15,'Miss Aisha Moen','Voluptas sapiente neque minima nisi aut. Optio quod quas doloremque consequatur rem doloremque. Voluptatem maiores qui quos placeat. Est neque omnis laboriosam. Quia et velit quis corrupti.',5,'2020-08-31 01:02:14','2020-08-31 01:02:14'),
(115,19,'Miss Kaylee Runolfsdottir','Velit vitae delectus eaque aut. Id in voluptas ipsam tempore quas quis molestias. Dicta sit adipisci perferendis ut accusantium et. Modi odit autem numquam officia omnis ducimus odit.',5,'2020-08-31 01:02:14','2020-08-31 01:02:14'),
(116,39,'Abigale Jacobson','At beatae id aut voluptatibus expedita aut et. Qui delectus magni rem adipisci enim earum. Rerum impedit est ipsa quibusdam dolores. Et porro est deserunt omnis omnis.',0,'2020-08-31 01:02:14','2020-08-31 01:02:14'),
(117,18,'Sigurd Kihn','Quam occaecati qui ea necessitatibus iste rerum nemo. Corrupti maiores saepe adipisci impedit dolores adipisci aut necessitatibus. Ab et asperiores consequatur voluptatem.',4,'2020-08-31 01:02:14','2020-08-31 01:02:14'),
(118,5,'Joey Kerluke','Rerum repellat ipsum quia qui. Et quo quidem suscipit quasi porro a. Cum blanditiis labore porro quidem. Quos voluptatem nemo vitae incidunt.',4,'2020-08-31 01:02:14','2020-08-31 01:02:14'),
(119,24,'Karianne Thompson II','Sit ad optio aliquid et necessitatibus. Cupiditate inventore blanditiis veniam minus quos praesentium corporis.',3,'2020-08-31 01:02:14','2020-08-31 01:02:14'),
(120,45,'Ana Kassulke Sr.','Reiciendis dolorum quibusdam est officiis. Quasi consequatur iste accusantium doloremque sapiente. Molestiae maxime aspernatur iste aut possimus cupiditate. Voluptas ut iste adipisci harum perferendis explicabo pariatur.',2,'2020-08-31 01:02:14','2020-08-31 01:02:14'),
(121,19,'Mr. Floy Tillman I','Laboriosam quia omnis sint sit maiores cumque. Optio pariatur aut quia voluptas veritatis. Fugiat repellat maiores qui id atque quidem maiores. Excepturi ducimus praesentium alias sequi voluptas fuga atque. Fuga voluptatem sed alias eum dolor explicabo.',5,'2020-08-31 01:02:14','2020-08-31 01:02:14'),
(122,38,'Prof. Chase Rosenbaum I','Inventore voluptatem nulla ea quaerat in voluptatem cupiditate. Incidunt cumque aut tempore cum ipsam. Distinctio quibusdam a illo quisquam. Sit quasi beatae animi esse rem.',2,'2020-08-31 01:02:14','2020-08-31 01:02:14'),
(123,5,'Mr. Gerard Rogahn II','Perferendis officia et ratione qui. Eveniet ut animi ea ab. Temporibus non repellendus odit et iure consequatur recusandae debitis. Omnis autem ducimus adipisci iusto excepturi sed qui.',0,'2020-08-31 01:02:15','2020-08-31 01:02:15'),
(124,48,'Juana Jerde MD','Voluptatum aut itaque voluptatum. Accusantium sit atque laboriosam tempora. Rerum aut magni consequatur accusantium.',0,'2020-08-31 01:02:15','2020-08-31 01:02:15'),
(125,23,'Darlene Nolan','Perferendis qui qui quia beatae quia. Unde sapiente suscipit id non voluptatem non. Aut reprehenderit adipisci ut ut rerum. Dignissimos recusandae in assumenda est.',2,'2020-08-31 01:02:15','2020-08-31 01:02:15'),
(126,5,'Douglas Windler II','Ea numquam impedit debitis qui vero accusantium. Sapiente quia quae assumenda velit. Totam eos corrupti et quasi repellendus numquam impedit. Veritatis earum repudiandae iste. Quos dolor laboriosam itaque ut porro et.',4,'2020-08-31 01:02:15','2020-08-31 01:02:15'),
(127,20,'Ellen Toy','Labore eum voluptatibus autem. Ut ut ipsam esse pariatur rerum saepe explicabo eos. Totam et dolores officiis iusto.',0,'2020-08-31 01:02:15','2020-08-31 01:02:15'),
(128,44,'Randal Corkery','Dolores ut nisi sint voluptatum optio sint. Et dolorem laboriosam nisi consequatur voluptatem. Ut consequatur nisi alias non eveniet et doloribus. Recusandae dolores veniam in amet nisi est est qui.',1,'2020-08-31 01:02:15','2020-08-31 01:02:15'),
(129,29,'Winona Hammes','Amet est a vel et provident occaecati. Assumenda eaque ab atque fuga voluptas reiciendis porro. Quibusdam provident nesciunt ut. Minima rem officiis eveniet omnis libero quos et.',4,'2020-08-31 01:02:15','2020-08-31 01:02:15'),
(130,42,'Anabelle Schuppe','Ea sit ut expedita aut velit est quasi. Aut magnam non dolore non. Reprehenderit eum sint et distinctio.',1,'2020-08-31 01:02:15','2020-08-31 01:02:15'),
(131,34,'Miss Mylene Rippin III','Dignissimos deleniti temporibus est ipsam molestiae. Distinctio aspernatur aut et nihil nostrum corrupti et. Aut dignissimos velit ea accusantium. In et numquam repellat qui necessitatibus.',3,'2020-08-31 01:02:15','2020-08-31 01:02:15'),
(132,18,'Margaretta Steuber','Nihil ipsum iste voluptates soluta. Voluptas cumque sit dolorem vitae rem ut earum.',2,'2020-08-31 01:02:15','2020-08-31 01:02:15'),
(133,6,'Leanne Koepp','Consequatur quis voluptatum blanditiis rem tempore sit dolores est. Velit alias doloremque vero quae quisquam vero temporibus.',4,'2020-08-31 01:02:15','2020-08-31 01:02:15'),
(134,8,'Emmett Leffler Jr.','Cumque illum est necessitatibus consectetur voluptatem repellendus asperiores. Rerum tempora et deleniti illum accusamus. Animi doloremque ea qui quod.',1,'2020-08-31 01:02:15','2020-08-31 01:02:15'),
(135,30,'Ubaldo Runolfsson','Molestiae ut porro voluptate aut quas dolorum. Accusantium quia quis similique quidem itaque possimus ea. Excepturi molestiae laboriosam quo dolore suscipit molestias. Ullam accusamus deleniti optio autem recusandae facilis.',5,'2020-08-31 01:02:15','2020-08-31 01:02:15'),
(136,39,'Maybell Bogisich','Corrupti et aut dolorem. Aut dolorem odio et sint dolores libero. Id accusantium blanditiis doloremque quis animi omnis delectus. Quisquam reiciendis doloremque totam assumenda. Dolorem impedit suscipit omnis eaque.',4,'2020-08-31 01:02:15','2020-08-31 01:02:15'),
(137,7,'Lloyd Boehm','Vero corporis recusandae cum quo sunt suscipit. Earum et et aperiam sed porro et deserunt sapiente. Voluptatem amet sed qui et ut minus. Ut velit voluptatum qui est quas tenetur est animi.',0,'2020-08-31 01:02:16','2020-08-31 01:02:16'),
(138,16,'Dr. Carmen Predovic IV','Et dignissimos nobis consectetur dolor. A et ut provident corporis cupiditate quis non. Nobis cupiditate dolor velit est ea et. Dignissimos ut facilis inventore est.',3,'2020-08-31 01:02:16','2020-08-31 01:02:16'),
(139,24,'Prof. Bart Mitchell III','Excepturi quis porro est dolorum. Voluptatem cum labore iste. Explicabo reiciendis ut accusamus veritatis.',2,'2020-08-31 01:02:16','2020-08-31 01:02:16'),
(140,12,'Major Kreiger PhD','Molestias rerum voluptas ut sequi. Placeat esse fuga omnis. Vel ab magni perspiciatis dolor numquam consequuntur maxime.',4,'2020-08-31 01:02:16','2020-08-31 01:02:16'),
(141,30,'Miss Dannie Parisian MD','Minus id et voluptatem magnam. Quas repellat excepturi molestiae voluptatem quibusdam doloribus. Quo repellendus necessitatibus sunt et.',4,'2020-08-31 01:02:16','2020-08-31 01:02:16'),
(142,16,'Lesley Hintz','Sit voluptas explicabo nam alias ipsam. Veniam animi sequi quia explicabo possimus delectus. Illum qui expedita quaerat aut autem.',0,'2020-08-31 01:02:16','2020-08-31 01:02:16'),
(143,40,'Ms. Lavada Larson','Veritatis fugit et animi vel eum sit nobis. Optio est illo nemo sit sequi eos quia. Rerum hic itaque perferendis et molestiae similique.',2,'2020-08-31 01:02:16','2020-08-31 01:02:16'),
(144,6,'Jaida Bruen','Nihil at laboriosam sunt labore. Vel sequi quibusdam eos omnis nihil aut est. Eos molestiae in ipsa laborum optio velit.',1,'2020-08-31 01:02:16','2020-08-31 01:02:16'),
(145,50,'Emmett Conroy','Nam quis sed debitis sunt fugiat quos. Quaerat asperiores porro sit temporibus. Consequatur tempore ex vero ducimus illo et. Ut sequi ut impedit velit quia. Totam voluptatum fugit temporibus omnis.',1,'2020-08-31 01:02:16','2020-08-31 01:02:16'),
(146,29,'Judson Mayert','Numquam qui pariatur vel ad minima. Reprehenderit perspiciatis beatae non minima qui qui sunt vel. In est quaerat quis temporibus cumque.',0,'2020-08-31 01:02:16','2020-08-31 01:02:16'),
(147,9,'Dr. Modesto Zemlak Jr.','Praesentium voluptatem doloribus facilis eum natus et. Reprehenderit nihil dolorum rerum voluptatem cum earum.',2,'2020-08-31 01:02:16','2020-08-31 01:02:16'),
(148,44,'Lauriane Bins V','Recusandae dolorum vel sunt omnis quia ut. Et ipsum sed excepturi non voluptatem nemo. Enim impedit sequi quia nihil culpa error.',3,'2020-08-31 01:02:16','2020-08-31 01:02:16'),
(149,1,'Lavada Abbott','Maxime perferendis saepe distinctio. Ex sunt officiis unde quia consequatur perferendis sequi. Harum quis voluptatem consectetur culpa perferendis cum autem.',3,'2020-08-31 01:02:16','2020-08-31 01:02:16'),
(150,40,'Philip Jones','Quia omnis et ut laborum architecto eum libero excepturi. Et non voluptate ut et itaque nulla. Aperiam necessitatibus quibusdam soluta laudantium. Tempora ad occaecati est debitis laudantium animi ut.',5,'2020-08-31 01:02:16','2020-08-31 01:02:16'),
(151,11,'Malika Rowe','Sed corporis necessitatibus consequatur facere aperiam molestias. Magni non aliquid facere aut. Aspernatur tempora nulla sunt animi labore dolores est tempore. Aut fuga cupiditate quasi in laborum.',2,'2020-08-31 01:02:16','2020-08-31 01:02:16'),
(152,30,'Hillard Murphy','Incidunt nesciunt qui officiis esse dolores. Fugiat placeat voluptatibus perspiciatis et error in. Eaque aspernatur nesciunt nisi doloribus deserunt est quasi.',0,'2020-08-31 01:02:17','2020-08-31 01:02:17'),
(153,1,'Gerald Lueilwitz','In rerum iusto est. Explicabo laborum possimus aperiam aut doloribus magni vel.',0,'2020-08-31 01:02:17','2020-08-31 01:02:17'),
(154,46,'Simeon Schultz','Necessitatibus rem voluptate quo ea. Rerum sed non voluptatem occaecati distinctio voluptas. Sit quo fugit ut maiores in ut.',4,'2020-08-31 01:02:17','2020-08-31 01:02:17'),
(155,41,'Elisha Jakubowski','Tenetur quia aut mollitia fuga corporis libero eaque error. Est aut ducimus tempora eligendi placeat voluptatum. Assumenda esse sunt ea voluptatem sint. Ipsum in amet sed.',5,'2020-08-31 01:02:17','2020-08-31 01:02:17'),
(156,3,'Jeanne Kuvalis','Delectus a eum qui necessitatibus quis natus. Minima dolore non fugiat. Blanditiis maiores occaecati expedita velit quia voluptas sunt. Vel aut quo exercitationem eveniet tenetur.',1,'2020-08-31 01:02:17','2020-08-31 01:02:17'),
(157,8,'Mrs. Aliya Gusikowski Jr.','Explicabo molestiae occaecati cum iste ducimus quia necessitatibus. Quis blanditiis quaerat illo eum enim. Debitis earum sunt deserunt quia unde aut.',2,'2020-08-31 01:02:17','2020-08-31 01:02:17'),
(158,2,'Terrence Frami','Commodi aperiam eaque non qui harum vel dolorum. Omnis voluptas repellat ut veritatis nihil qui sit quidem. Cupiditate impedit doloribus sint porro labore qui dignissimos. Consequatur perferendis fugit veniam minus nobis in numquam voluptatum. Aut accusantium laboriosam at sapiente quis.',0,'2020-08-31 01:02:17','2020-08-31 01:02:17'),
(159,35,'Johanna Monahan','Suscipit officiis quaerat dolore possimus eius. Aut eos et non. Tempore sunt dolor repudiandae iste in beatae. In et ad enim nobis qui.',2,'2020-08-31 01:02:17','2020-08-31 01:02:17'),
(160,1,'Prof. Shawna Howe Sr.','Eaque sit et cupiditate laboriosam et enim consequatur. Aliquam veniam in id aliquid itaque vel maiores voluptatem.',5,'2020-08-31 01:02:17','2020-08-31 01:02:17'),
(161,22,'Carole Macejkovic','Dicta eaque quisquam deserunt ipsum nemo dolorum. Odit provident sed non quo enim. Et maxime accusamus quia nihil.',0,'2020-08-31 01:02:17','2020-08-31 01:02:17'),
(162,21,'Mrs. Carley Parker Jr.','Similique tempore numquam fugiat voluptatem eligendi. Assumenda sit et cum voluptates quia sit. Quia corrupti nulla accusamus molestias. Aliquid iure cumque rem dolores vel aut.',1,'2020-08-31 01:02:17','2020-08-31 01:02:17'),
(163,3,'Jocelyn Schaden','Inventore et repellendus ullam suscipit est delectus. Qui distinctio maiores quae at accusamus exercitationem. Pariatur aut nihil saepe exercitationem commodi molestiae. Sunt molestias corrupti nostrum.',2,'2020-08-31 01:02:17','2020-08-31 01:02:17'),
(164,23,'Elliot Gerlach','Et adipisci ut quos voluptas dolorem. Quos nihil animi quis recusandae incidunt eos aut. Repellendus sunt perspiciatis voluptatem neque ut corporis reprehenderit. Incidunt fugiat omnis laudantium et nesciunt blanditiis voluptatem fugit. Recusandae blanditiis numquam ut recusandae impedit laborum.',0,'2020-08-31 01:02:17','2020-08-31 01:02:17'),
(165,27,'Miss Felicita Shanahan','Dicta praesentium aut eum voluptatem enim. Optio animi autem tempora ducimus soluta. Sunt eaque autem sint molestiae quia.',3,'2020-08-31 01:02:17','2020-08-31 01:02:17'),
(166,31,'Dr. Reece Murazik','Quia animi non laboriosam. Facilis qui alias nostrum hic et dolor. Minus deleniti voluptatem unde corporis reiciendis eaque maxime.',3,'2020-08-31 01:02:17','2020-08-31 01:02:17'),
(167,24,'Ashlynn Schulist I','Eveniet at et sint corrupti quo alias et. Cum voluptatem ut aut commodi labore.',5,'2020-08-31 01:02:17','2020-08-31 01:02:17'),
(168,21,'Maverick Ziemann','Tenetur aut aut incidunt recusandae illum eligendi ex. Cupiditate ut voluptatem repellendus culpa delectus.',5,'2020-08-31 01:02:17','2020-08-31 01:02:17'),
(169,5,'Kenna Frami','Amet laboriosam quae occaecati cumque et. Quod culpa voluptas aspernatur quia dolorem illo rerum aut. Qui nobis ipsam ad et eum quis alias repellat.',0,'2020-08-31 01:02:17','2020-08-31 01:02:17'),
(170,42,'Miss Daphnee Conroy I','Et est commodi aperiam dolor fuga delectus earum repellendus. Atque et et facilis. Reprehenderit facilis eaque eius magni qui occaecati. Suscipit ducimus ut ad. Ea voluptatem consequatur qui dignissimos.',0,'2020-08-31 01:02:18','2020-08-31 01:02:18'),
(171,9,'Prof. Novella Leffler V','Debitis veniam corporis doloribus cum corrupti. Ut quisquam nihil suscipit distinctio maxime fugiat esse. Vel sed id dolores dolorum nisi dicta autem. Qui expedita eum numquam et. Expedita neque quidem earum corrupti.',1,'2020-08-31 01:02:18','2020-08-31 01:02:18'),
(172,20,'Davon Homenick','Libero praesentium animi voluptas exercitationem dignissimos. Aut laudantium adipisci earum et dolorem corrupti ullam. Voluptatibus voluptas pariatur dolor a. Ut eligendi ut iste.',3,'2020-08-31 01:02:18','2020-08-31 01:02:18'),
(173,19,'Paige Oberbrunner','Vero adipisci optio quo nulla vel iste. Culpa delectus est error possimus. Eaque quia accusamus et qui et. Dolores quae ut provident quos distinctio et.',2,'2020-08-31 01:02:18','2020-08-31 01:02:18'),
(174,12,'Dr. Adolf Fay DDS','Velit doloremque aut ullam corrupti voluptatem. Nesciunt repellat quo rerum ipsa. Dignissimos deserunt praesentium consequatur quia non non.',5,'2020-08-31 01:02:18','2020-08-31 01:02:18'),
(175,36,'Emma Berge','Quod rerum officiis laboriosam dolorem alias. Sit nostrum aliquam mollitia voluptatum quaerat quia. Labore placeat iusto culpa assumenda ea aliquid. Recusandae sit dolores dignissimos aut blanditiis ut.',0,'2020-08-31 01:02:18','2020-08-31 01:02:18'),
(176,41,'Mr. Merl Connelly Sr.','Id ut non voluptas modi. Architecto nobis nobis asperiores molestiae recusandae magnam porro. Omnis et molestiae voluptas accusamus autem aut officia.',4,'2020-08-31 01:02:18','2020-08-31 01:02:18'),
(177,18,'Guadalupe Maggio','Quia et occaecati a eligendi. Impedit neque impedit ea qui. Est nisi placeat voluptas nihil accusantium.',2,'2020-08-31 01:02:18','2020-08-31 01:02:18'),
(178,6,'Dr. Ismael Smith PhD','Repellendus pariatur enim non ea quam. Corrupti harum quod nihil at accusantium dolores blanditiis. Placeat adipisci mollitia ratione consequatur voluptas. Odit quia harum perferendis voluptatem dolorem et.',5,'2020-08-31 01:02:18','2020-08-31 01:02:18'),
(179,50,'Kayden Kovacek','Itaque tenetur veritatis odit harum nisi ratione cum quos. Aliquam sed soluta laudantium nihil odit quod. Molestias corrupti non neque eum quas.',4,'2020-08-31 01:02:18','2020-08-31 01:02:18'),
(180,24,'Katharina Mante','Et sapiente amet maiores minima distinctio sunt voluptates. Sunt adipisci nemo quidem qui eos quos. Et velit voluptatem ut molestiae.',5,'2020-08-31 01:02:18','2020-08-31 01:02:18'),
(181,36,'Mrs. Lois Kutch','Aut pariatur mollitia veritatis provident minima magnam voluptas nihil. Expedita amet fuga nihil aut itaque. Eligendi doloremque dignissimos explicabo aut.',4,'2020-08-31 01:02:19','2020-08-31 01:02:19'),
(182,41,'Buford Ward','Et architecto et nulla est. Sunt consequatur rerum officia corrupti officiis nobis asperiores voluptatem. Labore error sunt hic inventore.',1,'2020-08-31 01:02:19','2020-08-31 01:02:19'),
(183,48,'Lamar Oberbrunner','Blanditiis totam inventore culpa eveniet placeat voluptatibus. Ratione voluptas aut doloremque similique voluptatem sint praesentium. Autem animi quibusdam qui molestiae.',1,'2020-08-31 01:02:20','2020-08-31 01:02:20'),
(184,39,'Brionna Davis','Est dolor maiores similique quibusdam voluptas omnis. Ea libero et aliquam quas sequi et. Omnis odit cum qui aut.',5,'2020-08-31 01:02:20','2020-08-31 01:02:20'),
(185,21,'Francisco Kohler Jr.','Temporibus vero sed perspiciatis ut recusandae et illo. Ducimus exercitationem nemo mollitia explicabo iure repellat illo fuga. Deleniti quia sunt voluptas eos facere ut sint quaerat. Ut nam neque consequuntur non est.',5,'2020-08-31 01:02:20','2020-08-31 01:02:20'),
(186,22,'Magnolia Brakus','Omnis dolorem voluptatem dicta. Ipsam sunt qui quia fuga porro rem. Eaque nesciunt tenetur inventore et consequatur neque sapiente. Est quidem impedit dolor. In et et eos ea autem error.',3,'2020-08-31 01:02:20','2020-08-31 01:02:20'),
(187,43,'Mr. Jackson Nienow','Corporis beatae id velit error. Molestiae omnis natus sit sequi provident illum. Rerum delectus quaerat molestiae eum. Officia reiciendis voluptatibus rem nulla aliquam aliquam id.',1,'2020-08-31 01:02:20','2020-08-31 01:02:20'),
(188,34,'Vicente Kunde','Aut corporis ipsum sed quod. Porro aut voluptas provident illo libero. Nam vero porro iusto cupiditate cum rerum.',4,'2020-08-31 01:02:20','2020-08-31 01:02:20'),
(189,44,'Ceasar Beahan','In dolore impedit eveniet sit. Soluta omnis veniam mollitia molestiae occaecati excepturi. Et sed assumenda ea rerum. Saepe tempore tempora voluptatem dolorum neque beatae dolores.',5,'2020-08-31 01:02:20','2020-08-31 01:02:20'),
(190,20,'Reta Jacobson Jr.','Voluptates minus velit quo voluptatem dolorem. Sit blanditiis eveniet unde ex totam. Ratione maxime omnis consequatur ea.',0,'2020-08-31 01:02:20','2020-08-31 01:02:20'),
(191,41,'Dr. Alvina Bode DVM','Minus dicta nihil esse dolorum. Est dolores aut ipsum voluptatum et ab. Sequi ea omnis et in consequatur nobis at.',1,'2020-08-31 01:02:20','2020-08-31 01:02:20'),
(192,23,'Prof. Afton Crist','Fugiat voluptatibus expedita accusamus dolor ex voluptas et quo. Officia nam repudiandae blanditiis fugiat. Placeat reprehenderit ex fugit autem cum nesciunt. Est vel molestias eum et magnam sed autem.',4,'2020-08-31 01:02:20','2020-08-31 01:02:20'),
(193,6,'Arnaldo Paucek','Et aut non consequatur qui ex voluptas nesciunt. Odit dolor fuga iste vel reiciendis velit. Alias aut in laudantium corrupti minima rem nisi eligendi.',0,'2020-08-31 01:02:20','2020-08-31 01:02:20'),
(194,6,'Bo Beahan','Pariatur voluptatibus et magni fugit est sit ipsa. Esse voluptatem cupiditate sit autem repellendus.',4,'2020-08-31 01:02:20','2020-08-31 01:02:20'),
(195,18,'Mrs. Ramona Cummings','Ea maiores quia eaque nisi sed. Dolorem magnam odit quia officiis iusto id.',5,'2020-08-31 01:02:20','2020-08-31 01:02:20'),
(196,42,'Evie Wehner','Quidem sint placeat architecto a est et sed temporibus. Vitae est unde omnis doloremque quasi. Quidem ea minima iure.',5,'2020-08-31 01:02:21','2020-08-31 01:02:21'),
(197,40,'Elenor Schuster','Ea a ad dolore eos et aspernatur reprehenderit. Illum quis culpa ut adipisci voluptatum. Aspernatur dolorum totam debitis iste ad vel.',2,'2020-08-31 01:02:21','2020-08-31 01:02:21'),
(198,37,'Reinhold Satterfield','Voluptas eligendi illum dicta esse. Earum dolores mollitia non adipisci iusto assumenda placeat. Doloremque odio dolorum voluptatibus fuga tenetur placeat provident veritatis.',5,'2020-08-31 01:02:21','2020-08-31 01:02:21'),
(199,49,'Graciela Halvorson Jr.','Aut consequatur iste excepturi. Vel eum dignissimos velit sit enim. Illo voluptas quos ut provident.',1,'2020-08-31 01:02:21','2020-08-31 01:02:21'),
(200,48,'Fletcher Dibbert','Magnam earum nam minima modi. Explicabo consequatur consequatur iste aut occaecati. Dolorum et libero officiis nihil enim ut.',1,'2020-08-31 01:02:21','2020-08-31 01:02:21'),
(201,28,'Prof. Archibald Cummerata DDS','Odit cum pariatur perspiciatis suscipit quidem aperiam libero. Fuga ad repellendus mollitia ea sit cupiditate. Molestiae nulla eligendi possimus suscipit.',3,'2020-08-31 01:02:21','2020-08-31 01:02:21'),
(202,32,'Dr. Chaim Sporer V','Similique dolores sed molestias explicabo temporibus autem expedita. Dolores dicta corrupti esse quo reiciendis dolorem eius. Aut ut nostrum asperiores eveniet eos.',0,'2020-08-31 01:02:21','2020-08-31 01:02:21'),
(203,28,'Misty Botsford IV','Iste ut tenetur quasi quod soluta. Deleniti rerum est nisi sapiente est laboriosam. Id et veritatis autem nostrum.',1,'2020-08-31 01:02:21','2020-08-31 01:02:21'),
(204,20,'Hortense Gorczany','Quas culpa magnam sunt et velit nam. Excepturi et et atque quibusdam. Sunt eos et ad et.',2,'2020-08-31 01:02:21','2020-08-31 01:02:21'),
(205,22,'Garett Berge','Odio ullam distinctio molestiae aliquam quaerat et. Rerum a quis sed qui voluptates accusantium accusantium. Libero ad est porro. Voluptas doloremque nemo et quo non expedita consequuntur.',3,'2020-08-31 01:02:21','2020-08-31 01:02:21'),
(206,47,'Drake Walter','Et veniam iste in et voluptatem aut occaecati sequi. Voluptate voluptatem magni autem accusamus eum delectus corporis. Consequatur architecto quasi dolorem fugiat quis veritatis. Dolores exercitationem sequi quos.',2,'2020-08-31 01:02:21','2020-08-31 01:02:21'),
(207,30,'Ellen Parker','Consequatur numquam quia incidunt error voluptatibus dolorem. Eos et et cumque ea architecto. Qui voluptate et optio assumenda sit.',2,'2020-08-31 01:02:21','2020-08-31 01:02:21'),
(208,13,'Akeem Lebsack','Tenetur delectus odit nihil voluptatem ut. Sunt voluptatem in aspernatur quia. Suscipit reprehenderit sequi tenetur quo voluptatem.',4,'2020-08-31 01:02:21','2020-08-31 01:02:21'),
(209,3,'Alana O\'Keefe I','Qui laboriosam incidunt voluptas vero culpa consequatur. Occaecati quia ut incidunt aut sint odit. Eos ut omnis quidem qui vel porro at.',1,'2020-08-31 01:02:21','2020-08-31 01:02:21'),
(210,31,'Camren Weber','Delectus asperiores ipsam omnis accusantium iusto rerum non. Placeat ducimus aspernatur sed nulla. Doloremque commodi quia sit alias.',3,'2020-08-31 01:02:22','2020-08-31 01:02:22'),
(211,8,'Brooks Stokes','Quasi et quos nemo omnis voluptatem eum voluptate. Qui tempore soluta beatae ex. Sit maiores aspernatur doloribus explicabo. Odit consequatur perspiciatis ipsam repellat dicta ab quasi.',2,'2020-08-31 01:02:22','2020-08-31 01:02:22'),
(212,4,'Mr. Waylon Kuphal IV','Laborum eos tenetur corporis ipsum qui dolorem saepe. Officia aliquam aut sed autem ut. Dignissimos voluptas qui delectus nobis suscipit labore eius. Quam et debitis veniam dolores.',0,'2020-08-31 01:02:22','2020-08-31 01:02:22'),
(213,10,'Angel Stamm','Optio beatae minima dolorum. Et molestias sed impedit. Hic eum sunt cum minima ducimus sed. Ducimus eum quaerat et dolorem quo corporis.',0,'2020-08-31 01:02:22','2020-08-31 01:02:22'),
(214,4,'Newton Metz','Perspiciatis est et ducimus quasi. Ducimus a enim deleniti beatae dicta. Autem nostrum molestiae dignissimos cumque. Architecto suscipit repellat non excepturi dolor sed.',4,'2020-08-31 01:02:22','2020-08-31 01:02:22'),
(215,36,'Declan Schaden','Eius harum nam ut omnis omnis nemo et. Eos in sint vitae.',2,'2020-08-31 01:02:22','2020-08-31 01:02:22'),
(216,30,'Mr. Albin Reynolds','Eum nam ullam voluptas doloremque et maiores saepe non. Ut cumque eaque quod ullam facilis. Quibusdam dolor error distinctio possimus ea accusamus laboriosam. Id velit facere est vel architecto adipisci aut iure. Aut debitis rerum molestias iste accusamus consectetur.',3,'2020-08-31 01:02:22','2020-08-31 01:02:22'),
(217,4,'Mrs. Sister Ferry Jr.','Dolorum ratione cupiditate debitis qui ipsam doloribus. Repellendus maiores laudantium fugiat reprehenderit fugit autem quis odio. Ducimus sapiente quo distinctio saepe facilis sed deleniti consectetur.',1,'2020-08-31 01:02:22','2020-08-31 01:02:22'),
(218,46,'Emmanuelle Runolfsson','Ut voluptatem tenetur dolorem molestias. Harum minus eveniet saepe ut. Asperiores dolorem est ut sint tempore pariatur et.',5,'2020-08-31 01:02:22','2020-08-31 01:02:22'),
(219,39,'Charley Brown DDS','Rerum porro nam ipsam corporis. Ut nulla id minus delectus. Culpa magnam qui sed neque molestiae. Voluptatibus modi quia quidem.',0,'2020-08-31 01:02:22','2020-08-31 01:02:22'),
(220,2,'Obie O\'Reilly','Voluptate qui excepturi aliquid eum repudiandae molestiae ex ut. Similique earum et aliquam amet quas. Ratione consequatur facere accusantium magnam. Voluptatum reprehenderit sed libero autem et.',3,'2020-08-31 01:02:22','2020-08-31 01:02:22'),
(221,30,'Hiram Farrell','Mollitia perferendis eveniet nemo consectetur id sit dolorem. Qui repellat earum repellat autem. Soluta aut officiis blanditiis doloribus est ut. Perferendis saepe laborum sit molestiae. Necessitatibus rerum enim autem maiores quod accusantium.',0,'2020-08-31 01:02:22','2020-08-31 01:02:22'),
(222,25,'Ms. Zetta Flatley I','Qui deserunt illo porro est. Delectus minima maxime quod voluptate qui ad. Et accusamus exercitationem quasi dolores.',4,'2020-08-31 01:02:23','2020-08-31 01:02:23'),
(223,38,'Lawrence Toy','Voluptatem accusamus aut expedita excepturi. Vel maiores odio recusandae eos assumenda. Culpa est architecto aut harum ut labore.',5,'2020-08-31 01:02:23','2020-08-31 01:02:23'),
(224,22,'Arianna Wisoky','Labore velit sint libero et cumque. Omnis hic fugit corrupti et. Consequatur ut voluptatem impedit rem incidunt. Ea vitae natus enim.',3,'2020-08-31 01:02:23','2020-08-31 01:02:23'),
(225,43,'Mac Effertz Jr.','Corporis rerum similique repellat laborum explicabo. Rerum magnam modi beatae molestias. Vero in voluptas labore rerum ut. Ratione nam et ad sint.',3,'2020-08-31 01:02:23','2020-08-31 01:02:23'),
(226,42,'Virginia Carroll','Sed quasi ut enim est quidem ut ipsa. Error culpa nostrum iure similique quod. Numquam accusantium quibusdam rerum.',2,'2020-08-31 01:02:23','2020-08-31 01:02:23'),
(227,23,'Berniece Stokes','Voluptas sint in quis dolores animi vitae dignissimos. Deserunt recusandae ratione rem qui dolores iure exercitationem. Fuga qui et sit soluta ipsum quisquam placeat eum. Est qui perspiciatis ipsa adipisci.',2,'2020-08-31 01:02:23','2020-08-31 01:02:23'),
(228,22,'Sophia Bernier','Nulla temporibus aspernatur quaerat et. Blanditiis non sequi voluptatum quia porro quis. Dolorem sunt fugit sint voluptatem provident. Officiis molestiae velit est veniam ut deleniti magnam.',1,'2020-08-31 01:02:23','2020-08-31 01:02:23'),
(229,21,'Prudence Frami III','Ratione officiis quis excepturi. Labore deserunt molestiae cumque qui dignissimos molestiae. Natus dolorum consectetur et tenetur placeat dolorem voluptates.',2,'2020-08-31 01:02:23','2020-08-31 01:02:23'),
(230,6,'Abigayle Altenwerth','Eius molestiae eius sint labore nisi et unde. Similique quo sit repellat natus nam.',0,'2020-08-31 01:02:23','2020-08-31 01:02:23'),
(231,43,'Loraine Morar','Eveniet qui in vero non. Cumque qui aspernatur enim neque ut dolorum perferendis. Debitis et quia ipsum voluptatum dolorum et saepe. Earum modi voluptate quod est sint nam sit.',1,'2020-08-31 01:02:23','2020-08-31 01:02:23'),
(232,9,'Ms. Hermina Powlowski','Corporis rerum assumenda rerum ab. Et blanditiis delectus eveniet consectetur maiores. Sed iure eaque quisquam veritatis possimus totam sed voluptatem. Eius sed placeat ut qui officia velit quidem.',4,'2020-08-31 01:02:23','2020-08-31 01:02:23'),
(233,15,'Monroe Wiza','Fugit voluptas aperiam et animi. Culpa iusto ipsam aut. Illo libero ut impedit vitae. Ut soluta rerum fuga ipsam molestiae. Dolores quis et illo quo quaerat sapiente asperiores.',4,'2020-08-31 01:02:23','2020-08-31 01:02:23'),
(234,22,'Dr. Eugenia Mante DVM','Error nihil et tempore dolorem accusantium in. Delectus maiores maxime est ut deleniti id. Qui fugiat fugiat quae dolores optio at suscipit magni.',4,'2020-08-31 01:02:23','2020-08-31 01:02:23'),
(235,12,'Mr. Santos Parisian PhD','Suscipit quasi assumenda ipsum pariatur ratione est tempore ad. Corrupti nulla ut id quae aliquid consequuntur. Repudiandae eveniet sed error quae mollitia autem ut.',1,'2020-08-31 01:02:23','2020-08-31 01:02:23'),
(236,6,'Gina White','Est recusandae laudantium aliquid neque a reiciendis omnis dolorum. Voluptatem maxime nemo asperiores cumque. Voluptas quibusdam non aliquid magnam harum autem reiciendis fuga. Corporis est porro officiis dicta quasi neque.',3,'2020-08-31 01:02:24','2020-08-31 01:02:24'),
(237,44,'Mr. Florencio Rogahn','Dolorem doloremque esse nobis autem quam corrupti excepturi. Laborum ea sed quisquam debitis quis. Omnis possimus non quis aliquam.',1,'2020-08-31 01:02:24','2020-08-31 01:02:24'),
(238,8,'Mr. Davin Stiedemann','Libero aliquam distinctio sit est ipsum non est. Quas nobis velit consequatur et deserunt. Illo eaque explicabo doloribus rerum eum eligendi. Dicta voluptas laboriosam molestiae sit omnis optio.',5,'2020-08-31 01:02:24','2020-08-31 01:02:24'),
(239,22,'Mr. Ervin Nolan','Ut ea consectetur animi ad. Quod rem est consequuntur reprehenderit sequi. Consectetur est vero provident debitis ea. Dolorem laborum consectetur quibusdam quidem vitae occaecati dolores.',4,'2020-08-31 01:02:24','2020-08-31 01:02:24'),
(240,27,'Agnes Murray','Deleniti ut fugiat quasi ipsam provident. Itaque iste aut magnam ratione eos. Dignissimos dolor voluptatem vitae aperiam vel nihil iure accusantium.',0,'2020-08-31 01:02:24','2020-08-31 01:02:24'),
(241,14,'Allie Quigley','Id autem aut perferendis esse quam. In laboriosam perspiciatis ea molestiae.',3,'2020-08-31 01:02:24','2020-08-31 01:02:24'),
(242,37,'Sunny O\'Connell','Consectetur et perferendis recusandae non. Quia nesciunt facilis dolor quaerat sit eius natus. Repudiandae perspiciatis eaque voluptas quasi accusamus. Voluptas aspernatur corporis quia est.',0,'2020-08-31 01:02:24','2020-08-31 01:02:24'),
(243,50,'Camylle Stoltenberg','Quis ad sit aut quis facere aut. Modi et neque tempora. Autem porro deleniti quo ea odio ut eos. Laborum tempora vero beatae fuga qui natus culpa.',5,'2020-08-31 01:02:24','2020-08-31 01:02:24'),
(244,33,'Noe Gerhold','Illum officiis inventore est ut qui. Dolores nostrum error quae officiis ipsa. Sit iure atque nobis atque voluptate magni illo ipsam. Consectetur corporis doloribus fugiat et non. Et molestiae voluptates vero.',0,'2020-08-31 01:02:24','2020-08-31 01:02:24'),
(245,40,'Prof. Archibald Hand PhD','Ea ut dolore id est nesciunt aut. Et et eum qui sed dolorum et. Repudiandae et accusantium laboriosam laborum itaque.',2,'2020-08-31 01:02:25','2020-08-31 01:02:25'),
(246,47,'Patricia Turner','Assumenda ullam quaerat nostrum molestiae quia ab. Libero autem doloremque alias. Sed eveniet sed nobis ipsam. Fugiat earum aut est commodi omnis iusto impedit. Molestiae dolorum qui nulla sed distinctio.',3,'2020-08-31 01:02:25','2020-08-31 01:02:25'),
(247,16,'Richie Schultz','Ipsa velit facilis voluptatem et. Ipsum rerum soluta pariatur nihil quia ipsam voluptatibus. Fugit maiores fuga facere et illum quaerat officia quis.',2,'2020-08-31 01:02:25','2020-08-31 01:02:25'),
(248,25,'Adrain Hilpert','Aut in qui voluptas. Quia excepturi assumenda animi ut ea. Ipsa ut quia officia omnis ab aut ea. Sequi nihil ipsa consequatur error quibusdam.',1,'2020-08-31 01:02:25','2020-08-31 01:02:25'),
(249,23,'Gerald Veum','Maxime tenetur tenetur pariatur laboriosam voluptatem. Molestiae id saepe aliquam provident voluptatem reiciendis voluptatum. Odio dolorum nam nihil rerum libero aut. Deleniti illo nihil quod id atque consequatur unde.',0,'2020-08-31 01:02:25','2020-08-31 01:02:25'),
(250,43,'Shyanne Murray II','Alias reprehenderit sed et adipisci corrupti. Perferendis amet ipsum rerum cum distinctio. Repudiandae voluptatem nemo enim. Qui quaerat sunt doloremque aut.',2,'2020-08-31 01:02:25','2020-08-31 01:02:25'),
(251,39,'Jessika Lakin','Eligendi consectetur qui exercitationem nobis. Et nemo itaque cum et at. Vitae aut maiores sint sed dolorem quaerat.',3,'2020-08-31 01:02:25','2020-08-31 01:02:25'),
(252,46,'Austin Dicki PhD','Voluptatum et et incidunt corporis. Quis voluptatem ratione autem sit. Mollitia aliquam nam velit qui ea natus quia.',4,'2020-08-31 01:02:25','2020-08-31 01:02:25'),
(253,2,'Cornelius Green','Earum velit quasi fuga non ad voluptate molestiae harum. Libero rerum aut tempora atque error nihil non. Vel eveniet mollitia eos adipisci. Enim nulla qui illum et.',3,'2020-08-31 01:02:25','2020-08-31 01:02:25'),
(254,8,'Prof. Luna Kuhlman','Tempora natus fuga voluptas omnis error voluptatem aliquam occaecati. Et dolorem vel dicta deserunt officiis non. Culpa qui est libero modi.',4,'2020-08-31 01:02:25','2020-08-31 01:02:25'),
(255,30,'Ms. Addison Waters PhD','Autem molestias est voluptatem et odit et. Ut et asperiores blanditiis. Pariatur et qui culpa praesentium fugit. Iste quia voluptate excepturi quae et.',2,'2020-08-31 01:02:25','2020-08-31 01:02:25'),
(256,40,'Dorothy Homenick','Fuga ducimus rerum dolor dolorem eaque. Alias ut omnis excepturi in sed neque facere voluptatem.',4,'2020-08-31 01:02:26','2020-08-31 01:02:26'),
(257,39,'Garnet Oberbrunner','Quae sequi ea in ex rerum ex mollitia. Facere sed fugit enim ut sed quam. Laboriosam sequi id rem sequi et. Placeat enim in velit voluptate et.',3,'2020-08-31 01:02:26','2020-08-31 01:02:26'),
(258,23,'Shaniya Spinka','Officiis odio voluptatem libero. Dolores corrupti quasi dolorum debitis et. Alias nisi est enim asperiores iure explicabo.',4,'2020-08-31 01:02:26','2020-08-31 01:02:26'),
(259,17,'Sage Lueilwitz','Quod enim quia sit dolores soluta. Odio quo ullam in minima molestiae soluta aut. Ut dolor sequi ea nulla sit quia harum.',1,'2020-08-31 01:02:26','2020-08-31 01:02:26'),
(260,14,'Lindsey Kuhic','Nihil dolor delectus quis eius quaerat fugit nesciunt. Inventore sed accusantium fuga quis. Enim praesentium voluptates ratione inventore in culpa repellendus. Vel ad dolor esse ut aut.',1,'2020-08-31 01:02:26','2020-08-31 01:02:26'),
(261,32,'Bennett Labadie','Fugit qui maxime magni laborum quae eaque iste. Nostrum ut necessitatibus vel. Rerum enim amet aliquid non.',1,'2020-08-31 01:02:26','2020-08-31 01:02:26'),
(262,44,'Norris Wilkinson','Voluptatem nam et nobis quae. Aut et amet qui dolorum illum. Vitae illum distinctio fuga ut sunt consectetur.',4,'2020-08-31 01:02:26','2020-08-31 01:02:26'),
(263,45,'Donnell Mills','Cupiditate possimus architecto aut rerum praesentium. Sequi laborum quia vel libero. Sit consectetur ducimus suscipit.',1,'2020-08-31 01:02:26','2020-08-31 01:02:26'),
(264,4,'Mrs. Jessyca Auer DDS','Quia earum qui dolorum et repudiandae voluptates et. Assumenda voluptatem voluptas dignissimos odit veritatis adipisci itaque. Aut laudantium maxime animi aperiam distinctio doloremque.',1,'2020-08-31 01:02:27','2020-08-31 01:02:27'),
(265,6,'Adalberto Wilkinson','Aut est recusandae magnam voluptatibus possimus. Quo occaecati optio nulla sit a. Sed illo autem ut repellat. Quidem id numquam et blanditiis esse blanditiis similique.',3,'2020-08-31 01:02:27','2020-08-31 01:02:27'),
(266,38,'Janiya Walter','Dolore assumenda eum debitis suscipit odio eveniet enim eius. Et nihil accusantium quasi repellat iure iusto exercitationem. Tempora iure blanditiis ipsam ipsum vitae debitis recusandae.',4,'2020-08-31 01:02:27','2020-08-31 01:02:27'),
(267,40,'Viva Grant III','Qui et eum nulla. Non ut nemo velit et omnis omnis eius. At ut qui cupiditate eos nobis doloribus voluptatem. Nisi ipsum dolor repellendus exercitationem quas.',4,'2020-08-31 01:02:27','2020-08-31 01:02:27'),
(268,44,'Jewell Weissnat','Ut odio eos vel maiores ut laudantium culpa. Autem qui eum at voluptatibus possimus numquam. Quis illum dolor doloribus harum est.',1,'2020-08-31 01:02:27','2020-08-31 01:02:27'),
(269,30,'Melba Kuhlman','Aspernatur voluptate sed error pariatur itaque. Commodi ullam nostrum quam ullam possimus. Recusandae et ut enim consequatur. Dolores et ipsum aliquid est.',2,'2020-08-31 01:02:27','2020-08-31 01:02:27'),
(270,17,'Dr. Ayla Smith III','Quas aut ex quo sequi quia facilis culpa. Deleniti aut tempora enim expedita vero veritatis sunt nisi. Culpa sit magnam est qui.',2,'2020-08-31 01:02:27','2020-08-31 01:02:27'),
(271,5,'Tabitha Gislason','Illum iure labore sint quae ipsa. Iste quia nostrum magni eligendi similique harum deleniti. Accusamus odit nobis labore mollitia dolorem fugit mollitia cum. Molestias ea distinctio sunt quae eius.',5,'2020-08-31 01:02:27','2020-08-31 01:02:27'),
(272,23,'Jeanne Blick','Vero nemo aut dolore magni minima dolorem quia. Hic saepe aliquam vitae et voluptatem suscipit incidunt. Dolorum rem rerum quos saepe.',1,'2020-08-31 01:02:27','2020-08-31 01:02:27'),
(273,11,'Ines Kovacek','Magni sunt dolores harum labore. Saepe autem explicabo iste suscipit ea et. Ut veniam repellendus doloribus accusamus necessitatibus quia laboriosam. Beatae dolores ducimus id itaque qui possimus totam.',5,'2020-08-31 01:02:27','2020-08-31 01:02:27'),
(274,34,'Victoria Osinski DDS','Voluptate aut accusantium ut consectetur labore. Sunt reprehenderit et iste cumque sed cupiditate unde. Et temporibus id debitis. Ab nihil vero adipisci reiciendis.',5,'2020-08-31 01:02:27','2020-08-31 01:02:27'),
(275,12,'Spencer Braun','Sit rerum quidem cum in nihil. Velit et tempore iusto iure ab nobis non. Fuga odit deserunt et sit dolores reiciendis. Et voluptas voluptatem est consequatur dolor.',4,'2020-08-31 01:02:28','2020-08-31 01:02:28'),
(276,16,'Naomie Jakubowski','Consectetur voluptatem et autem neque labore rerum. Ex minima ut rerum vel aut eum. Odit provident quod voluptatem.',0,'2020-08-31 01:02:28','2020-08-31 01:02:28'),
(277,40,'Jaunita Schinner','Officia consequatur quod ad. Ipsa quis et ex est. Sint porro aliquid enim omnis aliquid provident in. Qui omnis sint dolorem qui et nisi sint.',1,'2020-08-31 01:02:28','2020-08-31 01:02:28'),
(278,43,'Jarrett Swaniawski','Cum exercitationem corrupti dolor labore beatae minima blanditiis. Cumque nostrum est laboriosam corrupti sapiente. Facere omnis at deserunt aspernatur rerum dolor. Reprehenderit numquam quisquam et natus ea soluta.',0,'2020-08-31 01:02:28','2020-08-31 01:02:28'),
(279,29,'Mrs. Lauriane Lemke','Exercitationem consequatur rerum vel numquam odio dolores. Et provident consequatur corrupti id et harum. Et voluptatem magni aliquid commodi est minima ut et.',2,'2020-08-31 01:02:28','2020-08-31 01:02:28'),
(280,27,'Shayne Franecki','Porro id impedit eos nihil pariatur. Qui non possimus at optio deserunt voluptatibus. Voluptatem autem ut id perferendis qui eos occaecati. Eligendi dolorem aliquam qui itaque nihil.',0,'2020-08-31 01:02:28','2020-08-31 01:02:28'),
(281,23,'Georgianna Botsford','Mollitia impedit incidunt quae omnis est placeat. Pariatur perferendis nihil exercitationem et sapiente sunt est. Magnam facilis aliquid ea autem. Qui odit molestias tenetur qui aut magni veritatis similique.',5,'2020-08-31 01:02:28','2020-08-31 01:02:28'),
(282,10,'Ms. Raegan Hyatt','Enim dolor quas reiciendis totam nulla harum occaecati. Voluptatem expedita deleniti voluptas sit.',3,'2020-08-31 01:02:28','2020-08-31 01:02:28'),
(283,3,'Guy Quigley','Qui ut totam ut eligendi ullam soluta illo alias. Recusandae ut placeat quod qui dolorem sed. Maiores cum consectetur aliquam et quo. Aliquid et aut aperiam. Cumque eos voluptatem ea consequatur dolores.',5,'2020-08-31 01:02:28','2020-08-31 01:02:28'),
(284,6,'Molly Zulauf','Nam maiores est ut officia molestiae. Cumque et blanditiis maxime beatae. Sed aliquam tenetur est. Vel voluptas dolores ad laudantium.',0,'2020-08-31 01:02:28','2020-08-31 01:02:28'),
(285,23,'Ryleigh Rolfson','Deleniti et enim possimus explicabo fugiat quas vitae. Ullam est occaecati commodi in quia quia. Molestiae corporis ad deserunt est.',5,'2020-08-31 01:02:28','2020-08-31 01:02:28'),
(286,46,'Jazmyne Pouros IV','Reprehenderit cupiditate quas ipsam eveniet quo ipsam. Quo nihil corporis accusantium natus est excepturi magnam. Dolore et unde fuga temporibus eius. Dolor sit consequuntur maxime qui omnis sunt eos.',5,'2020-08-31 01:02:28','2020-08-31 01:02:28'),
(287,19,'Mr. Arnaldo Fahey','Optio ullam laborum non tenetur. Fuga veritatis et et earum ipsa impedit est. Ut aspernatur sequi iste ducimus nulla.',5,'2020-08-31 01:02:28','2020-08-31 01:02:28'),
(288,23,'Davon Walter','Aut unde eum molestiae. Doloribus doloremque minima qui dolores deserunt consequatur reiciendis est. Hic ducimus ex dolorem.',0,'2020-08-31 01:02:28','2020-08-31 01:02:28'),
(289,19,'Dejuan Gislason','Quos sed laborum non ducimus reiciendis sapiente quaerat. Vitae et odio et consequatur facere. Deserunt odit ut quis aut est et id.',3,'2020-08-31 01:02:29','2020-08-31 01:02:29'),
(290,36,'Mr. Mario Fritsch','Dolore aspernatur quod unde velit minus sed blanditiis. Odio incidunt facere commodi ipsum et maiores excepturi. Doloremque sit qui at dolor nisi voluptatibus non. Eos mollitia eos deleniti ea et rerum.',2,'2020-08-31 01:02:29','2020-08-31 01:02:29'),
(291,9,'Prof. Rashad Cartwright','Voluptas quae aut eligendi quo voluptate ipsa. Unde quae minus et suscipit. Iusto debitis alias molestiae fuga.',3,'2020-08-31 01:02:29','2020-08-31 01:02:29'),
(292,38,'Bianka Prohaska','Quis eos in debitis. Voluptas sequi hic vero aut consequatur sint iure quia. Fuga ut doloribus qui et non enim sed. Error cum laborum fugiat at et. Consequuntur optio facere quae doloremque unde fugit.',1,'2020-08-31 01:02:29','2020-08-31 01:02:29'),
(293,41,'Mrs. Abby Prohaska','Neque ut sed saepe cupiditate consequuntur expedita. Aut sint sed voluptatem quos. Iste libero voluptatum voluptas est. Temporibus consequatur id hic quia nobis sed quasi.',3,'2020-08-31 01:02:29','2020-08-31 01:02:29'),
(294,20,'Aliza Schoen','Sit ea eos voluptas deserunt sed aspernatur maiores enim. Ea culpa qui et aut sint nemo natus. Pariatur ut aspernatur dolor.',1,'2020-08-31 01:02:29','2020-08-31 01:02:29'),
(295,16,'Gerda Beier','Eum optio nulla magnam quia. Ut ab sequi qui magni voluptatem veniam temporibus architecto. Eum nesciunt non eveniet voluptatem.',2,'2020-08-31 01:02:29','2020-08-31 01:02:29'),
(296,40,'Lesly Windler III','Non modi beatae ex consectetur et vel repellendus delectus. Cumque laboriosam vel iure ullam consequatur dolores aperiam. Sunt quo itaque aspernatur quis ea corporis.',1,'2020-08-31 01:02:29','2020-08-31 01:02:29'),
(297,33,'Zachery Jacobs DDS','Voluptatum veritatis magnam qui ad optio. Omnis enim est a laborum vel sit. Harum perferendis voluptatem sed sit ipsa rerum eveniet. Nulla inventore assumenda consequatur quaerat error unde.',1,'2020-08-31 01:02:29','2020-08-31 01:02:29'),
(298,22,'Dr. Isabella Shields','Necessitatibus vel reiciendis pariatur deleniti aliquam quasi. Quisquam et dolores natus vero. Qui est eius aperiam.',2,'2020-08-31 01:02:29','2020-08-31 01:02:29'),
(299,24,'Linnea Terry','Dolorum dolorem ipsum quod. Est ut consequatur sint ut excepturi et. Omnis voluptatem quod facilis numquam et dignissimos quasi. Molestiae earum ex ex porro.',2,'2020-08-31 01:02:30','2020-08-31 01:02:30'),
(300,22,'Brianne Rice','Omnis ut ea enim rerum. Eum tenetur aut eum sapiente distinctio ut. Eum voluptatem ut earum esse sed. Reiciendis nemo fuga iste provident fugiat.',0,'2020-08-31 01:02:30','2020-08-31 01:02:30');

/*Table structure for table `users` */

DROP TABLE IF EXISTS `users`;

CREATE TABLE `users` (
  `id` bigint(20) unsigned NOT NULL AUTO_INCREMENT,
  `name` varchar(255) COLLATE utf8mb4_unicode_ci NOT NULL,
  `email` varchar(255) COLLATE utf8mb4_unicode_ci NOT NULL,
  `email_verified_at` timestamp NULL DEFAULT NULL,
  `password` varchar(255) COLLATE utf8mb4_unicode_ci NOT NULL,
  `remember_token` varchar(100) COLLATE utf8mb4_unicode_ci DEFAULT NULL,
  `created_at` timestamp NULL DEFAULT NULL,
  `updated_at` timestamp NULL DEFAULT NULL,
  PRIMARY KEY (`id`),
  UNIQUE KEY `users_email_unique` (`email`)
) ENGINE=InnoDB DEFAULT CHARSET=utf8mb4 COLLATE=utf8mb4_unicode_ci;

/*Data for the table `users` */

/*!40101 SET SQL_MODE=@OLD_SQL_MODE */;
/*!40014 SET FOREIGN_KEY_CHECKS=@OLD_FOREIGN_KEY_CHECKS */;
/*!40014 SET UNIQUE_CHECKS=@OLD_UNIQUE_CHECKS */;
/*!40111 SET SQL_NOTES=@OLD_SQL_NOTES */;
